K_eff_parallel,K_ref_parallel,N_connected_patches,N_cv,N_edges,N_f,N_interface_facelets,N_pressure_dofs_after_gauge,N_sites,N_system,N_trace_modes,N_trace_vector_dofs,admissibility_status,area_weighted_chi_median,area_weighted_chi_p05,auxiliary_site_count,candidate_pool,case,case_display,cell_graph_radius_max,cell_graph_radius_mean,cell_graph_radius_p95,cell_volume_cv,cell_volume_max,cell_volume_mean,cell_volume_min,cfg_periodic_x,chi_min,e_K_percent,e_p_percent,e_phi_percent,e_u_percent,e_u_x_percent,e_u_y_percent,e_u_z_percent,factor_memory_MiB,fragmented_edge_fraction,graph_metric_periodic_x,h_S_over_h,input_bundle_sha256,level_index,level_label,linear_solver,linear_solver_iterations,linear_solver_maxiter,linear_solver_refinement_steps,linear_solver_relative_residual,linear_solver_rtol,mass_inf_per_volume,mesh_ratio_hS_over_qS,method_id,momentum_residual_inf,n_cells_with_zero_volume,orientation_anisotropy,ownership_distance_reproduced_by_bfs,patches_per_edge_mean,pressure_gauge,protocol_id,q_S_over_h,run_directory,selection_rule,site_or_partition_rule,snap_displacement_max_vox,solver_formulation_id,source_code_sha256,t_cached_call_median_s,t_factorization_s,t_geometry_build_s,t_initial_build_s,t_matrix_assembly_s,t_trace_geometry_s,target_site_count,velocity_matrix_symmetry_defect,wall_seconds,e_K_signed_percent
15.630229259525906,20.378276393389307,15189,200,1187,36864,25187,199,200,65767,21856,65568,PASS,0.6081303192631499,0.5789645930452051,0,"every pore voxel (no trajectory, no flow or reference field)",orthogonal_duct,Orthogonal duct,8.0,7.135,8.0,0.3489378864630533,367.0,184.32,50.0,True,0.5773502691896257,23.29955214172903,297358841343.60785,22.47006688313487,22.555695923111937,22.54397536479481,1173784636222.9856,1666178740026.3145,603.5189361572266,0.9039595619208087,False,8.0,e5740f0636f7417eeddb3f11635e6dd8b9dd9b4b7f7191824a6c4e4c68017e69,0,M0_n200,minres,1707,50000,1,5.738817004405332e-14,1e-14,1.9015853814312298e-17,2.0,mask_graph_fps,3.4583447217073626e-14,0,0.10744538564422648,,12.796124684077506,one_pressure_dof_eliminated_then_centered,pvfv_mask_fps_refinement,4.0,reproduce/figure_06/refinement/runs/orthogonal_duct/M0_n200,mask_graph_fps_nested_prefix,"deterministic graph-farthest-point sampling over every pore voxel; initial candidate = smallest Euclidean distance to the pore-domain centroid with the smallest flattened voxel index as the final tie break; subsequent candidate = maximum six-neighbour pore-graph distance to the selected set, smallest flattened index breaking ties",0.0,moment_constrained_hybrid_voronoi_connected_p1_symmetric_gradient_v1,dd81dec1208ee3f93281dd5187718d137cd85f4d1c8b51215cf363ba8479ba21,117.2950677999761,0.9935171999968588,0.19502129987813532,364.2329418999143,362.9944084000308,0.04999500000849366,200,0.0,482.39248949987814,-23.29955214172903
17.687253195632955,20.378276393389307,21511,400,2446,36864,32262,399,400,90534,30045,90135,PASS,0.6123724356957945,0.5793445765762414,0,"every pore voxel (no trajectory, no flow or reference field)",orthogonal_duct,Orthogonal duct,6.0,5.37,6.0,0.3410510491514294,196.0,92.16,29.0,True,0.5773502691896257,13.205352336026401,105505251770.026,12.431025723734416,12.445165500071822,12.434739915751337,655172377424.4086,637949095077.2736,571.419563293457,0.8924775143090761,False,6.0,e5740f0636f7417eeddb3f11635e6dd8b9dd9b4b7f7191824a6c4e4c68017e69,1,M1_n400,minres,2467,50000,1,6.365519759992929e-14,1e-14,2.6406882588351556e-17,2.0,mask_graph_fps,1.8512968935624485e-14,0,0.11195396285639558,,8.794358135731807,one_pressure_dof_eliminated_then_centered,pvfv_mask_fps_refinement,3.0,reproduce/figure_06/refinement/runs/orthogonal_duct/M1_n400,mask_graph_fps_nested_prefix,"deterministic graph-farthest-point sampling over every pore voxel; initial candidate = smallest Euclidean distance to the pore-domain centroid with the smallest flattened voxel index as the final tie break; subsequent candidate = maximum six-neighbour pore-graph distance to the selected set, smallest flattened index breaking ties",0.0,moment_constrained_hybrid_voronoi_connected_p1_symmetric_gradient_v1,dd81dec1208ee3f93281dd5187718d137cd85f4d1c8b51215cf363ba8479ba21,199.63772029988468,0.8003956999164075,0.1503259998280555,269.585031399969,268.56436450011097,0.06994520011357963,400,0.0,469.8989141001366,-13.205352336026401
19.104619451982295,20.378276393389307,30455,800,5002,36864,41164,799,800,120397,39866,119598,PASS,0.6136311676215145,0.5793445765762414,0,"every pore voxel (no trajectory, no flow or reference field)",orthogonal_duct,Orthogonal duct,5.0,4.04625,5.0,0.2475253414981233,83.0,46.08,19.0,True,0.5773502691896257,6.2500719728199625,37319059598.166245,5.892030174530303,5.760353478539773,5.75361676575957,218131917690.4814,210045505406.2378,509.59983825683594,0.8740503798480608,False,5.0,e5740f0636f7417eeddb3f11635e6dd8b9dd9b4b7f7191824a6c4e4c68017e69,2,M2_n800,minres,3292,50000,1,7.073388648612715e-14,1e-14,1.2926005071198106e-16,2.0,mask_graph_fps,1.2677359162438506e-14,0,0.10288858321870704,,6.088564574170332,one_pressure_dof_eliminated_then_centered,pvfv_mask_fps_refinement,2.5,reproduce/figure_06/refinement/runs/orthogonal_duct/M2_n800,mask_graph_fps_nested_prefix,"deterministic graph-farthest-point sampling over every pore voxel; initial candidate = smallest Euclidean distance to the pore-domain centroid with the smallest flattened voxel index as the final tie break; subsequent candidate = maximum six-neighbour pore-graph distance to the selected set, smallest flattened index breaking ties",0.0,moment_constrained_hybrid_voronoi_connected_p1_symmetric_gradient_v1,dd81dec1208ee3f93281dd5187718d137cd85f4d1c8b51215cf363ba8479ba21,244.050386399962,0.8442073999904096,0.17040800000540912,105.84467669995502,104.74432789999992,0.08573339995928109,800,0.0,350.55338010005653,-6.25007197281998
19.78612809139045,20.378276393389307,41556,1600,10032,36864,51105,1599,1600,153528,50643,151929,PASS,0.6236095644623235,0.5773502691896257,0,"every pore voxel (no trajectory, no flow or reference field)",orthogonal_duct,Orthogonal duct,4.0,2.995,3.0,0.2501395507141015,44.0,23.04,7.0,True,0.5773502691896257,2.9057820718878373,13778046222.5958,2.7189196267385873,2.6460936035848177,2.638897904989684,104580891525.56004,87056509298.94853,431.1766815185547,0.8129984051036683,False,4.0,e5740f0636f7417eeddb3f11635e6dd8b9dd9b4b7f7191824a6c4e4c68017e69,3,M3_n1600,minres,4010,50000,1,7.286939995080245e-14,1e-14,1.5278493614498613e-16,2.0,mask_graph_fps,7.167877402736167e-15,0,0.13080099091659775,,4.142344497607655,one_pressure_dof_eliminated_then_centered,pvfv_mask_fps_refinement,2.0,reproduce/figure_06/refinement/runs/orthogonal_duct/M3_n1600,mask_graph_fps_nested_prefix,"deterministic graph-farthest-point sampling over every pore voxel; initial candidate = smallest Euclidean distance to the pore-domain centroid with the smallest flattened voxel index as the final tie break; subsequent candidate = maximum six-neighbour pore-graph distance to the selected set, smallest flattened index breaking ties",0.0,moment_constrained_hybrid_voronoi_connected_p1_symmetric_gradient_v1,dd81dec1208ee3f93281dd5187718d137cd85f4d1c8b51215cf363ba8479ba21,274.67915860004723,0.6675764999818057,0.0865877999458462,13.162478999700397,12.31342179980129,0.09489289997145534,1600,0.0,288.4399192999117,-2.9057820718878373
20.155892542433502,20.378276393389307,55411,3200,19080,36864,62563,3199,3200,190084,62295,186885,PASS,0.7071067811865476,0.5773502691896257,0,"every pore voxel (no trajectory, no flow or reference field)",orthogonal_duct,Orthogonal duct,3.0,2.1215625,3.0,0.32421875,34.0,11.52,6.0,True,0.5773502691896257,1.0912790005534785,5483024727.235526,1.2881746529764138,1.150104412352357,1.1396374111701537,41811078721.249,42215496321.33316,338.66568756103516,0.7382075471698113,False,3.0,e5740f0636f7417eeddb3f11635e6dd8b9dd9b4b7f7191824a6c4e4c68017e69,4,M4_n3200,minres,5184,50000,1,7.08192327313086e-14,1e-14,9.834488134566729e-17,2.0,mask_graph_fps,2.7781596467768566e-15,0,0.13468874826084992,,2.904140461215933,one_pressure_dof_eliminated_then_centered,pvfv_mask_fps_refinement,1.5,reproduce/figure_06/refinement/runs/orthogonal_duct/M4_n3200,mask_graph_fps_nested_prefix,"deterministic graph-farthest-point sampling over every pore voxel; initial candidate = smallest Euclidean distance to the pore-domain centroid with the smallest flattened voxel index as the final tie break; subsequent candidate = maximum six-neighbour pore-graph distance to the selected set, smallest flattened index breaking ties",0.0,moment_constrained_hybrid_voronoi_connected_p1_symmetric_gradient_v1,dd81dec1208ee3f93281dd5187718d137cd85f4d1c8b51215cf363ba8479ba21,241.22829589992762,0.5731184999458492,0.039982999907806516,9.171500399941579,8.457526799989864,0.10087210009805858,3200,0.0,251.22445800015703,-1.0912790005534785
20.326196926164975,20.378276393389307,67533,6400,35450,36864,71757,6399,6400,221457,71686,215058,PASS,0.7071067811865476,0.5773502691896257,0,"every pore voxel (no trajectory, no flow or reference field)",orthogonal_duct,Orthogonal duct,2.0,1.38078125,2.0,0.5910486311625405,20.0,5.76,2.0,True,0.5773502691896257,0.25556365130676967,2984840993.597935,0.6052802953578317,0.4932625104007322,0.4796794461746506,24402081323.847664,20755455738.861645,268.85558319091797,0.48344146685472494,False,2.0,e5740f0636f7417eeddb3f11635e6dd8b9dd9b4b7f7191824a6c4e4c68017e69,5,M5_n6400,minres,6019,50000,1,7.274104099531531e-14,1e-14,4.904894023527321e-17,2.0,mask_graph_fps,3.2803620930721422e-15,0,0.1708517592770622,,1.905021156558533,one_pressure_dof_eliminated_then_centered,pvfv_mask_fps_refinement,1.0,reproduce/figure_06/refinement/runs/orthogonal_duct/M5_n6400,mask_graph_fps_nested_prefix,"deterministic graph-farthest-point sampling over every pore voxel; initial candidate = smallest Euclidean distance to the pore-domain centroid with the smallest flattened voxel index as the final tie break; subsequent candidate = maximum six-neighbour pore-graph distance to the selected set, smallest flattened index breaking ties",0.0,moment_constrained_hybrid_voronoi_connected_p1_symmetric_gradient_v1,dd81dec1208ee3f93281dd5187718d137cd85f4d1c8b51215cf363ba8479ba21,257.0315539999865,0.3695298000238836,0.04841529997065663,9.1670710996259,8.614488999824971,0.1346369998063892,6400,0.0,267.2522812001407,-0.25556365130678715
3.9611833639497505,4.11416514469534,14653,200,1117,36369,24147,199,200,63040,20947,62841,PASS,0.6141356769947383,0.5787918451395112,0,"every pore voxel (no trajectory, no flow or reference field)",skewed_duct,Skewed duct,8.0,7.12,8.0,0.36940352411779137,376.0,181.845,51.0,True,0.5773502691896257,3.7184161394891713,5.754920857870476,26.640496780312677,22.97509795989444,21.07667014468539,47.73919530370242,46.30470630885797,562.767692565918,0.9086839749328559,False,8.0,6c182d538bc8307c213e2ee6a3980832388ba449f95caf50a60cf2bd8fe65e3e,0,M0_n200,minres,1797,50000,1,1.625294676540012e-14,1e-14,1.671948162952543e-17,2.0,mask_graph_fps,9.269004844585322e-15,0,0.10837495644093395,,13.118173679498657,one_pressure_dof_eliminated_then_centered,pvfv_mask_fps_refinement,4.0,reproduce/figure_06/refinement/runs/skewed_duct/M0_n200,mask_graph_fps_nested_prefix,"deterministic graph-farthest-point sampling over every pore voxel; initial candidate = smallest Euclidean distance to the pore-domain centroid with the smallest flattened voxel index as the final tie break; subsequent candidate = maximum six-neighbour pore-graph distance to the selected set, smallest flattened index breaking ties",0.0,moment_constrained_hybrid_voronoi_connected_p1_symmetric_gradient_v1,dd81dec1208ee3f93281dd5187718d137cd85f4d1c8b51215cf363ba8479ba21,117.68563650012948,0.8439022998791188,1.3605329000856727,413.8677479000762,411.5313540000934,0.13195870001800358,200,0.0,532.4733321999665,-3.71841613948915
3.752557477562659,4.11416514469534,20676,400,2369,36369,31201,399,400,86679,28760,86280,PASS,0.6141356769947383,0.5789473684210527,0,"every pore voxel (no trajectory, no flow or reference field)",skewed_duct,Skewed duct,6.0,5.4025,6.0,0.35369002603259037,183.0,90.9225,23.0,True,0.5773502691896257,8.789332815162393,2.144653730701576,21.950676918732075,20.08495101123004,18.776381056597568,35.51567520243123,38.037215022751454,530.7636260986328,0.8906711692697341,False,6.0,6c182d538bc8307c213e2ee6a3980832388ba449f95caf50a60cf2bd8fe65e3e,1,M1_n400,minres,2489,50000,1,1.5237805542722707e-14,1e-14,1.1556985534163883e-17,2.0,mask_graph_fps,3.561908031007864e-15,0,0.10300390235048548,,8.727733220768256,one_pressure_dof_eliminated_then_centered,pvfv_mask_fps_refinement,3.0,reproduce/figure_06/refinement/runs/skewed_duct/M1_n400,mask_graph_fps_nested_prefix,"deterministic graph-farthest-point sampling over every pore voxel; initial candidate = smallest Euclidean distance to the pore-domain centroid with the smallest flattened voxel index as the final tie break; subsequent candidate = maximum six-neighbour pore-graph distance to the selected set, smallest flattened index breaking ties",0.0,moment_constrained_hybrid_voronoi_connected_p1_symmetric_gradient_v1,dd81dec1208ee3f93281dd5187718d137cd85f4d1c8b51215cf363ba8479ba21,200.37348389998078,0.8960580001585186,1.8865706000942737,232.82005710015073,229.93833939987235,0.09908910002559423,400,0.0,434.0931126999203,-8.789332815162393
4.146112767418868,4.11416514469534,29668,800,4865,36369,40102,799,800,117298,38833,116499,PASS,0.614451804788759,0.5796011559684815,0,"every pore voxel (no trajectory, no flow or reference field)",skewed_duct,Skewed duct,5.0,4.03875,5.0,0.2524370874788795,86.0,45.46125,16.0,True,0.5773502691896257,0.7765274751967534,2.7293638411401036,11.629104233787185,10.25628723616358,9.185451731221994,20.253156478155418,22.146304416207123,485.5267791748047,0.8779033915724563,False,5.0,6c182d538bc8307c213e2ee6a3980832388ba449f95caf50a60cf2bd8fe65e3e,2,M2_n800,minres,3385,50000,1,1.8462093463144642e-14,1e-14,2.1000533755965805e-17,2.0,mask_graph_fps,3.6637359812630166e-15,0,0.09556993529118972,,6.098252826310381,one_pressure_dof_eliminated_then_centered,pvfv_mask_fps_refinement,2.5,reproduce/figure_06/refinement/runs/skewed_duct/M2_n800,mask_graph_fps_nested_prefix,"deterministic graph-farthest-point sampling over every pore voxel; initial candidate = smallest Euclidean distance to the pore-domain centroid with the smallest flattened voxel index as the final tie break; subsequent candidate = maximum six-neighbour pore-graph distance to the selected set, smallest flattened index breaking ties",0.0,moment_constrained_hybrid_voronoi_connected_p1_symmetric_gradient_v1,dd81dec1208ee3f93281dd5187718d137cd85f4d1c8b51215cf363ba8479ba21,183.3075757001061,0.8761563999578357,0.06641780002973974,72.72951679979451,71.67799619981088,0.10894639999605715,800,0.0,256.8592483999673,0.7765274751967534
4.272465039047847,4.11416514469534,40260,1600,9831,36369,49898,1599,1600,149880,49427,148281,PASS,0.6236095644623235,0.5802884574739972,0,"every pore voxel (no trajectory, no flow or reference field)",skewed_duct,Skewed duct,4.0,2.9825,3.0,0.2602898005868875,42.0,22.730625,8.0,True,0.5773502691896257,3.847679633293609,2.729907911505234,8.739057799028693,7.535972152758699,6.85943393804726,13.55432647212545,15.548720870299773,411.6745300292969,0.8016478486420506,False,4.0,6c182d538bc8307c213e2ee6a3980832388ba449f95caf50a60cf2bd8fe65e3e,3,M3_n1600,minres,4336,50000,1,1.9538065711617128e-14,1e-14,2.3544127801880532e-17,2.0,mask_graph_fps,2.2187113257743363e-15,0,0.1246887027394159,,4.095209032651816,one_pressure_dof_eliminated_then_centered,pvfv_mask_fps_refinement,2.0,reproduce/figure_06/refinement/runs/skewed_duct/M3_n1600,mask_graph_fps_nested_prefix,"deterministic graph-farthest-point sampling over every pore voxel; initial candidate = smallest Euclidean distance to the pore-domain centroid with the smallest flattened voxel index as the final tie break; subsequent candidate = maximum six-neighbour pore-graph distance to the selected set, smallest flattened index breaking ties",0.0,moment_constrained_hybrid_voronoi_connected_p1_symmetric_gradient_v1,dd81dec1208ee3f93281dd5187718d137cd85f4d1c8b51215cf363ba8479ba21,362.98741160007194,0.7310448000207543,0.5853277998976409,15.64228679984808,14.064485599985346,0.2614285999443382,1600,0.0,379.88413759996183,3.847679633293609
4.43968148135161,4.11416514469534,54282,3200,18735,36369,61272,3199,3200,186148,60983,182949,PASS,0.7071067811865476,0.5773502691896257,0,"every pore voxel (no trajectory, no flow or reference field)",skewed_duct,Skewed duct,3.0,2.1175,3.0,0.33416955781863195,33.0,11.3653125,5.0,True,0.5773502691896257,7.9120872694179445,3.4816644415038587,8.708333827232613,7.557797563273402,7.404795604981378,8.8504023201003,10.528049639011442,326.37120819091797,0.7336535895382973,False,3.0,6c182d538bc8307c213e2ee6a3980832388ba449f95caf50a60cf2bd8fe65e3e,4,M4_n3200,minres,5397,50000,1,1.9601868450075266e-14,1e-14,3.3066283965369545e-17,2.0,mask_graph_fps,1.3973197598993181e-15,0,0.1256295337984569,,2.8973578863090474,one_pressure_dof_eliminated_then_centered,pvfv_mask_fps_refinement,1.5,reproduce/figure_06/refinement/runs/skewed_duct/M4_n3200,mask_graph_fps_nested_prefix,"deterministic graph-farthest-point sampling over every pore voxel; initial candidate = smallest Euclidean distance to the pore-domain centroid with the smallest flattened voxel index as the final tie break; subsequent candidate = maximum six-neighbour pore-graph distance to the selected set, smallest flattened index breaking ties",0.0,moment_constrained_hybrid_voronoi_connected_p1_symmetric_gradient_v1,dd81dec1208ee3f93281dd5187718d137cd85f4d1c8b51215cf363ba8479ba21,392.06488299998455,1.4978534998372197,0.17441219999454916,29.774644599761814,27.76506399991922,0.3373149000108242,3200,0.0,423.9942244000267,7.9120872694179445
4.499146678338171,4.11416514469534,66387,6400,34859,36369,70516,6399,6400,217716,70439,211317,PASS,0.7071067811865476,0.5773502691896257,0,"every pore voxel (no trajectory, no flow or reference field)",skewed_duct,Skewed duct,2.0,1.37796875,2.0,0.5787298913243278,19.0,5.68265625,2.0,True,0.5773502691896257,9.357464275327224,4.086561849136892,9.34497326930776,8.59114159171795,8.462584219615664,9.437987658451775,11.489539586000669,257.9701461791992,0.4864740812989472,False,2.0,6c182d538bc8307c213e2ee6a3980832388ba449f95caf50a60cf2bd8fe65e3e,5,M5_n6400,minres,6179,50000,1,2.073153287088303e-14,1e-14,3.9014821569360075e-17,2.0,mask_graph_fps,1.4389531233227615e-15,0,0.16166318197956536,,1.904443615708999,one_pressure_dof_eliminated_then_centered,pvfv_mask_fps_refinement,1.0,reproduce/figure_06/refinement/runs/skewed_duct/M5_n6400,mask_graph_fps_nested_prefix,"deterministic graph-farthest-point sampling over every pore voxel; initial candidate = smallest Euclidean distance to the pore-domain centroid with the smallest flattened voxel index as the final tie break; subsequent candidate = maximum six-neighbour pore-graph distance to the selected set, smallest flattened index breaking ties",0.0,moment_constrained_hybrid_voronoi_connected_p1_symmetric_gradient_v1,dd81dec1208ee3f93281dd5187718d137cd85f4d1c8b51215cf363ba8479ba21,399.349117500009,0.3572588001843542,0.39999360009096563,12.008338900282979,10.974397500045598,0.27668899996206164,6400,0.0,413.04604199994355,9.357464275327224
0.05616077198042356,0.05225707669002652,12639,200,762,42764,21076,199,200,53209,17670,53010,PASS,0.6038584026195224,0.5794340356355437,0,"every pore voxel (no trajectory, no flow or reference field)",bentheimer_crop,Bentheimer crop,10.0,8.535,10.0,0.5007341556846859,599.0,213.82,12.0,True,0.5773502691896257,7.4701754052424345,22.903894607825514,25.90799125702813,20.67384686758346,25.62040074969088,17.652938049438756,32.03447496744637,447.07884216308594,0.9343832020997376,False,10.0,1cd92eb295acc7e03a19c46443dcb62c73808bc676110ca0f6b5cb3f9bfe96db,0,M0_n200,minres,2244,50000,1,1.072040309043991e-15,1e-14,1.2268331528116176e-18,2.0,mask_graph_fps,4.579669976578771e-16,0,0.12980508933405524,,16.586614173228348,one_pressure_dof_eliminated_then_centered,pvfv_mask_fps_refinement,5.0,reproduce/figure_06/refinement/runs/bentheimer_crop/M0_n200,mask_graph_fps_nested_prefix,"deterministic graph-farthest-point sampling over every pore voxel; initial candidate = smallest Euclidean distance to the pore-domain centroid with the smallest flattened voxel index as the final tie break; subsequent candidate = maximum six-neighbour pore-graph distance to the selected set, smallest flattened index breaking ties",0.0,moment_constrained_hybrid_voronoi_connected_p1_symmetric_gradient_v1,dd81dec1208ee3f93281dd5187718d137cd85f4d1c8b51215cf363ba8479ba21,125.2576301000081,0.7224977998994291,0.07057940005324781,1173.0292343997862,1172.1286364998668,0.10752069996669888,200,0.0,1298.948447200004,7.470175405242358
0.05184132558754488,0.05225707669002652,18091,400,1752,42764,28600,399,400,77241,25614,76842,PASS,0.6148513519256877,0.5794340356355437,0,"every pore voxel (no trajectory, no flow or reference field)",bentheimer_crop,Bentheimer crop,7.0,6.275,7.0,0.44469623696275734,270.0,106.91,12.0,True,0.5773502691896257,0.7955881362207694,16.797477621107745,21.839276083437014,17.86022971983607,20.383833344777216,15.203598684277306,31.35884768018758,448.0006408691406,0.9126712328767124,False,7.0,1cd92eb295acc7e03a19c46443dcb62c73808bc676110ca0f6b5cb3f9bfe96db,1,M1_n400,minres,3304,50000,1,1.3503176293494833e-15,1e-14,2.5077015426997314e-18,2.0,mask_graph_fps,2.7755575615628914e-16,0,0.12079526056833016,,10.325913242009133,one_pressure_dof_eliminated_then_centered,pvfv_mask_fps_refinement,3.5,reproduce/figure_06/refinement/runs/bentheimer_crop/M1_n400,mask_graph_fps_nested_prefix,"deterministic graph-farthest-point sampling over every pore voxel; initial candidate = smallest Euclidean distance to the pore-domain centroid with the smallest flattened voxel index as the final tie break; subsequent candidate = maximum six-neighbour pore-graph distance to the selected set, smallest flattened index breaking ties",0.0,moment_constrained_hybrid_voronoi_connected_p1_symmetric_gradient_v1,dd81dec1208ee3f93281dd5187718d137cd85f4d1c8b51215cf363ba8479ba21,142.30862809997052,0.718303499976173,0.5498494000639766,186.6576330999378,185.25017029978335,0.13930990011431277,400,0.0,329.75398760009557,-0.7955881362208893
0.05126145582401944,0.05225707669002652,26958,800,3829,42764,37987,799,800,109990,36397,109191,PASS,0.6141356769947383,0.5796011559684815,0,"every pore voxel (no trajectory, no flow or reference field)",bentheimer_crop,Bentheimer crop,5.0,4.5825,5.0,0.4139840225106969,128.0,53.455,4.0,True,0.5773502691896257,1.9052364369955266,11.065414047925403,14.95705957023358,14.099683279887634,13.816615446830305,12.786218361406258,24.541996191277224,468.30838775634766,0.9020632018803866,False,5.0,1cd92eb295acc7e03a19c46443dcb62c73808bc676110ca0f6b5cb3f9bfe96db,2,M2_n800,minres,4535,50000,1,1.551402995347109e-15,1e-14,3.0536294027934717e-19,2.0,mask_graph_fps,1.249000902703301e-16,0,0.1265717942925985,,7.040480543222774,one_pressure_dof_eliminated_then_centered,pvfv_mask_fps_refinement,2.5,reproduce/figure_06/refinement/runs/bentheimer_crop/M2_n800,mask_graph_fps_nested_prefix,"deterministic graph-farthest-point sampling over every pore voxel; initial candidate = smallest Euclidean distance to the pore-domain centroid with the smallest flattened voxel index as the final tie break; subsequent candidate = maximum six-neighbour pore-graph distance to the selected set, smallest flattened index breaking ties",0.0,moment_constrained_hybrid_voronoi_connected_p1_symmetric_gradient_v1,dd81dec1208ee3f93281dd5187718d137cd85f4d1c8b51215cf363ba8479ba21,212.90107310004532,0.6759649999439716,0.3697674998547882,92.13856309978291,90.93840439990163,0.1544262000825256,800,0.0,305.79597480013035,-1.9052364369955672
0.05300605165363036,0.05225707669002652,38169,1600,8160,42764,49012,1599,1600,146172,48191,144573,PASS,0.6226998490772392,0.5802884574739972,0,"every pore voxel (no trajectory, no flow or reference field)",bentheimer_crop,Bentheimer crop,4.0,3.35625,4.0,0.43950188115850397,72.0,26.7275,3.0,True,0.5773502691896257,1.4332507883028598,6.36843416774599,15.815135591065394,11.688766195520856,13.16330715934595,10.186757235519837,19.336743770525434,425.64479064941406,0.8340686274509804,False,4.0,1cd92eb295acc7e03a19c46443dcb62c73808bc676110ca0f6b5cb3f9bfe96db,3,M3_n1600,minres,6175,50000,1,1.939223153742425e-15,1e-14,4.28768834179544e-19,2.0,mask_graph_fps,2.0469737016526324e-16,0,0.14629339824957988,,4.677573529411765,one_pressure_dof_eliminated_then_centered,pvfv_mask_fps_refinement,2.0,reproduce/figure_06/refinement/runs/bentheimer_crop/M3_n1600,mask_graph_fps_nested_prefix,"deterministic graph-farthest-point sampling over every pore voxel; initial candidate = smallest Euclidean distance to the pore-domain centroid with the smallest flattened voxel index as the final tie break; subsequent candidate = maximum six-neighbour pore-graph distance to the selected set, smallest flattened index breaking ties",0.0,moment_constrained_hybrid_voronoi_connected_p1_symmetric_gradient_v1,dd81dec1208ee3f93281dd5187718d137cd85f4d1c8b51215cf363ba8479ba21,290.96359369996935,0.5479379999451339,0.3569064000621438,20.84664180013351,19.781639199936762,0.16015820018947124,1600,0.0,312.7636574001517,1.4332507883027938
0.05264019292583599,0.05225707669002652,52434,3200,16443,42764,61370,3199,3200,186340,61047,183141,PASS,0.6633249580710799,0.5773502691896257,0,"every pore voxel (no trajectory, no flow or reference field)",bentheimer_crop,Bentheimer crop,3.0,2.3815625,3.0,0.4827805339167098,41.0,13.36375,2.0,True,0.5773502691896257,0.7331375195018981,2.724386873791845,13.425162075682923,10.53645949741925,11.842991109333386,8.70673554682473,19.830247730575092,359.36145782470703,0.7586206896551724,False,3.0,1cd92eb295acc7e03a19c46443dcb62c73808bc676110ca0f6b5cb3f9bfe96db,4,M4_n3200,minres,8190,50000,1,2.1952689072435647e-15,1e-14,1.4203048459560108e-18,2.0,mask_graph_fps,1.5005358067199381e-16,0,0.16745445367353495,,3.1888341543513956,one_pressure_dof_eliminated_then_centered,pvfv_mask_fps_refinement,1.5,reproduce/figure_06/refinement/runs/bentheimer_crop/M4_n3200,mask_graph_fps_nested_prefix,"deterministic graph-farthest-point sampling over every pore voxel; initial candidate = smallest Euclidean distance to the pore-domain centroid with the smallest flattened voxel index as the final tie break; subsequent candidate = maximum six-neighbour pore-graph distance to the selected set, smallest flattened index breaking ties",0.0,moment_constrained_hybrid_voronoi_connected_p1_symmetric_gradient_v1,dd81dec1208ee3f93281dd5187718d137cd85f4d1c8b51215cf363ba8479ba21,464.4401744999923,0.7382898000068963,0.43117150012403727,18.843752700136974,17.41892440011725,0.25536699988879263,3200,0.0,484.58567419997416,0.7331375195017789
0.05506548620606559,0.05225707669002652,68450,6400,31658,42764,74135,6399,6400,228570,74057,222171,PASS,0.7071067811865476,0.5773502691896257,0,"every pore voxel (no trajectory, no flow or reference field)",bentheimer_crop,Bentheimer crop,2.0,1.5775,2.0,0.5146258579569742,18.0,6.681875,1.0,True,0.5773502691896257,5.37421856315791,2.605867056126263,12.44850724893792,10.25424199714282,11.671835375664163,8.785118718816417,17.298678943457823,286.9335174560547,0.5699981047444563,False,2.0,1cd92eb295acc7e03a19c46443dcb62c73808bc676110ca0f6b5cb3f9bfe96db,5,M5_n6400,minres,9257,50000,1,2.670136324838923e-15,1e-14,8.131516293641283e-19,2.0,mask_graph_fps,8.847089727481716e-17,0,0.19284190034068358,,2.1621706993492955,one_pressure_dof_eliminated_then_centered,pvfv_mask_fps_refinement,1.0,reproduce/figure_06/refinement/runs/bentheimer_crop/M5_n6400,mask_graph_fps_nested_prefix,"deterministic graph-farthest-point sampling over every pore voxel; initial candidate = smallest Euclidean distance to the pore-domain centroid with the smallest flattened voxel index as the final tie break; subsequent candidate = maximum six-neighbour pore-graph distance to the selected set, smallest flattened index breaking ties",0.0,moment_constrained_hybrid_voronoi_connected_p1_symmetric_gradient_v1,dd81dec1208ee3f93281dd5187718d137cd85f4d1c8b51215cf363ba8479ba21,393.30638069985434,0.5568860000930727,0.07091740006580949,12.40582220046781,11.560344000114128,0.2176748001947999,6400,0.0,407.1211050997954,5.374218563157779
