case_id,sites,host_ms,persistent_ms,roi_ms,persistent_over_roi,ci_low,ci_high,host_over_persistent
thin_wall_n200_s1,200,0.3949897363781929,0.3348570317029953,0.20293006673455238,1.6273720275764867,1.600507739107095,1.6390290989262126,1.1753307592864408
thin_wall_n200_s2,200,0.6862659938633442,0.43451692909002304,0.3180769272148609,1.367613580559998,1.3597421687512454,1.3714224890989972,1.5819941017163532
thin_wall_n800_s1,800,0.2975990064442158,0.30292803421616554,0.19247597083449364,1.5746070335337947,1.5696035720750618,1.5845154153895633,0.9814601981235268
thin_wall_n800_s2,800,0.5339221097528934,0.39429496973752975,0.2572769299149513,1.5319356713532737,1.5261886474789863,1.5357029040535102,1.3535811304672862
maze_n200_s1,200,0.38949400186538696,0.3284076228737831,0.18392875790596008,1.7708939969652508,1.7657825857573848,1.7858204989320279,1.1935616448268127
maze_n200_s2,200,0.6968798115849495,0.44090021401643753,0.2454761415719986,1.7863393183183822,1.7433477667603243,1.8030991918329353,1.5665994011055513
maze_n800_s1,800,0.30120043084025383,0.3115902654826641,0.1855362206697464,1.7164628640028896,1.6376603604053313,1.7346694649033894,0.9721177959172487
maze_n800_s2,800,0.513903796672821,0.3952719271183014,0.21340837702155113,1.8478244477956178,1.8303681736819808,1.868716533651564,1.3058681023844878
bentheimer_crop_n200_s1,200,0.45334361493587494,0.35393889993429184,0.18797069787979126,1.8777032217366754,1.865133813425709,1.8989584607855132,1.283083949886018
bentheimer_crop_n200_s2,200,0.8232719264924526,0.4823119379580021,0.32529979944229126,1.4965407894355796,1.4842579100749376,1.5096545654245375,1.7018069230077273
bentheimer_crop_n800_s1,800,0.30310917645692825,0.30713388696312904,0.17920229583978653,1.7189378088972478,1.6853820461646598,1.739470433087218,0.9829401094518476
bentheimer_crop_n800_s2,800,0.5635879933834076,0.4160292446613312,0.29570097103714943,1.404170752784988,1.3976418540402453,1.4135925377535266,1.352300989105617
berea_heldout_64_n200_s1,200,0.5184742622077465,0.3734016790986061,0.2009696327149868,1.857652126672468,1.8038919736012367,1.874746773441884,1.3935471328445332
berea_heldout_64_n200_s2,200,0.9755068458616734,0.5539162084460258,0.3908262588083744,1.4163777428138042,1.4128390639640387,1.4216220634871024,1.7578626506553687
berea_heldout_64_n800_s1,800,0.3319140523672104,0.31658774241805077,0.1866980455815792,1.7052296904979558,1.684197100358121,1.7154468216832146,1.0498156257032625
berea_heldout_64_n800_s2,800,0.6368779577314854,0.4593711346387863,0.31766481697559357,1.4476603614667174,1.4399294729135736,1.4508383736510309,1.3845701064397473
ptv10,45,2.6499363593757153,0.9732451289892197,0.47466205433011055,2.049557284838065,2.0446956501247957,2.0595370581956565,2.7202158402586165
ptv50,379,1.7026960849761963,0.7130661979317665,0.2726297825574875,2.613786743555442,2.604378735212401,2.620313275092322,2.3883070652706384
ptv100,900,1.4354158192873,0.6310669705271721,0.2711988054215908,2.321379111667991,2.314420218037661,2.32710502033305,2.2783866501762873
ptv200,1831,1.2185778468847275,0.5702488124370575,0.2617090940475464,2.184025457778538,2.174541944479202,2.1988260254082164,2.1392732370583505
ptv500,4452,1.0013659484684467,0.5135880783200264,0.17767073586583138,2.876002959834207,2.8595493522792315,2.889651059543846,1.952864321423926
