case,validation_role,reference_mode,site_origin,particle_sites_are_regular_lattice,auxiliary_site_count,particle_site_count,N_fl,all_cells_directly_measured,directly_measured_cell_fraction,harmonic_completed_cell_count,all_cells_have_constant_state_after_completion,state_representation,state_interior_gradient_reconstruction,solver_formulation_id,trace_basis,cell_velocity_definition,interior_velocity_dofs_per_cell,N_cv,compression_ratio_Nfl_over_Ncv,N_interface_facelets,N_connected_patches,N_trace_modes,N_trace_vector_dofs,K_eff_x,K_ref_x,e_K_percent,e_phi_percent,K_eff_x_target_raw,e_K_target_raw_percent,K_eff_x_unconstrained_trace,e_K_unconstrained_trace_percent,e_phi_target_raw_percent,e_phi_unconstrained_trace_percent,e_u_percent,e_u_x_percent,e_u_y_percent,e_u_z_percent,e_u_state_percent,e_u_state_x_percent,e_u_state_y_percent,e_u_state_z_percent,e_u_trace_moment_percent,e_u_trace_moment_x_percent,e_u_trace_moment_y_percent,e_u_trace_moment_z_percent,mass_inf_per_volume,preserved_mean_velocity_residual_inf,trace_correction_relative_l2,mean_state_velocity_flux_relative_mismatch,mean_trace_moment_velocity_flux_relative_mismatch,t_geometry_build_s,t_particle_site_load_s,t_particle_state_load_s,t_trace_geometry_s,t_harmonic_completion_s,t_trace_operator_and_factorization_s,t_projection_operator_assembly_s,t_projection_factorization_s,t_cached_call_median_s,t_cached_call_min_s,factor_nnz,factor_memory_MiB,projection_solver,throughflow_constraint,throughflow_constraint_active,preserved_mean_target,projection_solver_rtol,projection_solver_maxiter,projection_solver_iteration_count_total,projection_solver_iteration_count_max,projection_solver_internal_relative_residual_max,projection_solver_setup_iteration_count_total,projection_solver_setup_iteration_count_max,projection_solver_setup_internal_relative_residual_max,projection_system_relative_residual,repeat_count,t_reference_aggregation_s,t_total_pipeline_s,requested_site_particles,requested_state_particles,ladder_axis
public_berea_site500_state40000,flow_conditioned_sampled_state_transfer_not_independent_forward_solve,voxel_reference_npz,flow_derived_particle_trajectory,False,0,4749,408172,False,0.9934723099599916,31,True,direct_particle_mean_plus_exact_graph_harmonic_constant_completion,none,constant_cell_state_conservative_interface_trace_connected_p1_divergence_only_v2,connected_p1,constant_particle_state_per_ownership_cell,0,4749,85.94904190355864,227041,53119,84469,253407,0.05838151649790559,0.0687521974503667,15.084144706717002,20.376285831343584,0.06361817718230907,7.467427163712062,0.06361817718230908,7.467427163712041,28.408114142645978,28.408114142645978,29.461718079001702,28.082899328752937,35.08101809765646,27.12743671915558,29.461718079001702,28.082899328752937,35.08101809765646,27.12743671915558,36.90787273534263,29.529263429814677,53.17048742455124,31.11214462582551,1.9180945894092805e-14,0.0,0.11477092540500289,0.19194023447891986,5.687597500842415e-15,0.34027630009222776,4.315822500037029,47.150101299979724,0.6166488999733701,0.015669699991121888,1.1155678998911753,0.44514269998762757,0.023904800065793097,0.19980850000865757,0.1949597999919206,44729,0.5300025939941406,projected_cg,none,False,none,1e-11,20000,427,427,9.93061340243376e-12,0,0,0.0,9.930610405778464e-12,5,5.863106399890967,60.60107820003759,500,40000,site_density
public_berea_site1000_state40000,flow_conditioned_sampled_state_transfer_not_independent_forward_solve,voxel_reference_npz,flow_derived_particle_trajectory,False,0,9637,408172,False,0.9921137283386946,76,True,direct_particle_mean_plus_exact_graph_harmonic_constant_completion,none,constant_cell_state_conservative_interface_trace_connected_p1_divergence_only_v2,connected_p1,constant_particle_state_per_ownership_cell,0,9637,42.35467469129397,297030,88492,141120,423360,0.06278996918997565,0.0687521974503667,8.672054830967815,21.179893371684525,0.0649250849869555,5.566531115131351,0.0649250849869555,5.566531115131351,28.286754051928238,28.286754051928238,28.631427719735658,27.842262553576074,32.924055021239326,26.62314203714139,28.631427719735658,27.842262553576074,32.924055021239326,26.62314203714139,32.01883130463186,25.626989920092402,45.09152731971395,27.694154216846268,1.640084673009628e-14,0.0,0.09737671259001501,0.12867239200651354,3.0825855477393643e-15,0.34633289999328554,5.190980699961074,45.89888190000784,0.7850423000054434,0.05406819994095713,1.4787950000027195,0.5759538999991491,0.04561549995560199,0.4151764999842271,0.40312819997780025,94251,1.1153831481933594,projected_cg,none,False,none,1e-11,20000,586,586,9.99576958029475e-12,0,0,0.0,9.995764729252425e-12,5,5.908820500015281,61.651167100062594,1000,40000,site_density
public_berea_site2500_state40000,flow_conditioned_sampled_state_transfer_not_independent_forward_solve,voxel_reference_npz,flow_derived_particle_trajectory,False,0,23919,408172,False,0.9839876249007066,383,True,direct_particle_mean_plus_exact_graph_harmonic_constant_completion,none,constant_cell_state_conservative_interface_trace_connected_p1_divergence_only_v2,connected_p1,constant_particle_state_per_ownership_cell,0,23919,17.06476023245119,406190,173116,264734,794202,0.06628178982690766,0.0687521974503667,3.593205330262307,18.646526838924146,0.06683437216132754,2.7894748970368166,0.06683437216132754,2.7894748970368166,25.826878674966853,25.826878674966853,26.185958738325148,25.397978528837417,29.39949365594457,24.89374859348327,26.185958738325148,25.397978528837417,29.39949365594457,24.89374859348327,21.913267647025066,20.164477868467195,27.5246548652787,19.65752956171126,1.3633896529113843e-14,0.0,0.0697502908391422,0.08424967481699032,8.793190836440115e-15,0.3869034999515861,8.334192499984056,46.61750149994623,0.8552878999616951,0.03434360004030168,1.7782372999936342,0.7828043999616057,0.07668769999872893,1.3250063000014052,1.2919832000043243,233067,2.7584877014160156,projected_cg,none,False,none,1e-11,20000,887,887,9.331991614154943e-12,0,0,0.0,9.331978466322824e-12,5,6.541888999985531,71.15758599992841,2500,40000,site_density
public_berea_site5000_state40000,flow_conditioned_sampled_state_transfer_not_independent_forward_solve,voxel_reference_npz,flow_derived_particle_trajectory,False,0,44357,408172,False,0.967017607142052,1463,True,direct_particle_mean_plus_exact_graph_harmonic_constant_completion,none,constant_cell_state_conservative_interface_trace_connected_p1_divergence_only_v2,connected_p1,constant_particle_state_per_ownership_cell,0,44357,9.201974885587394,501120,269490,389371,1168113,0.06820805201741478,0.0687521974503667,0.7914589687765942,17.199622109907324,0.06776848956094825,1.4308021065488272,0.06776848956094825,1.4308021065488272,22.230009268172722,22.230009268172722,24.318496694502556,24.23641842003053,27.22305508093023,22.599746333596833,24.318496694502556,24.23641842003053,27.22305508093023,22.599746333596833,18.691683977461196,17.811759135780974,23.174127548263705,16.465942203131856,3.275829450364795e-14,0.0,0.061181947118276264,0.062392431764171224,3.799803571556347e-15,0.47144880006089807,12.837609200039878,45.93269219994545,1.0439891000278294,0.05150230007711798,2.196609599981457,0.9601044000592083,0.11239290004596114,2.837694499990903,2.8045475999824703,416339,4.933834075927734,projected_cg,none,False,none,1e-11,20000,1174,1174,9.707452803403537e-12,0,0,0.0,9.707431975126578e-12,5,6.9937391000567,83.40999249997549,5000,40000,site_density
public_berea_main_site8000_state40000,flow_conditioned_sampled_state_transfer_not_independent_forward_solve,voxel_reference_npz,flow_derived_particle_trajectory,False,0,64551,408172,False,0.9466003625040665,3447,True,direct_particle_mean_plus_exact_graph_harmonic_constant_completion,none,constant_cell_state_conservative_interface_trace_connected_p1_divergence_only_v2,connected_p1,constant_particle_state_per_ownership_cell,0,64551,6.323248284302335,571220,350356,484049,1452147,0.06870723820849936,0.0687521974503667,0.06539317074163277,16.312548641606817,0.06817565583384719,0.8385791842300464,0.06817565583384719,0.8385791842300464,20.802056995849135,20.802056995849135,23.070880080880244,21.884842409802204,27.175563637290672,21.484061805919012,23.070880080880244,21.884842409802204,27.175563637290672,21.484061805919012,17.15411192884388,16.50352859498862,20.765080526748495,15.359693218202885,1.9283294579175436e-14,0.0,0.05656239290232497,0.05505738646603328,2.978164045687151e-15,0.5054056999506429,18.965390800032765,46.323470500065014,1.4265587000409141,0.06956709991209209,2.741579100023955,1.0694748000241816,0.1414925999706611,5.261384399957024,4.653609100030735,586577,6.959087371826172,projected_cg,none,False,none,1e-11,20000,1334,1334,9.504902131315889e-12,0,0,0.0,9.504893020260298e-12,5,7.3070582000073045,102.57106039999053,8000,40000,site_density_main
public_berea_site10000_state40000,flow_conditioned_sampled_state_transfer_not_independent_forward_solve,voxel_reference_npz,flow_derived_particle_trajectory,False,0,76199,408172,False,0.9324006876730666,5151,True,direct_particle_mean_plus_exact_graph_harmonic_constant_completion,none,constant_cell_state_conservative_interface_trace_connected_p1_divergence_only_v2,connected_p1,constant_particle_state_per_ownership_cell,0,76199,5.3566582238612055,603969,391920,529028,1587084,0.06895940039800531,0.0687521974503667,0.30137647278575075,15.877995795811561,0.06833896322482051,0.6010487531609613,0.06833896322482053,0.6010487531609411,20.172224506293716,20.172224506293716,22.16572709650211,20.8206708058399,26.684671380064266,20.405927457020496,22.16572709650211,20.8206708058399,26.684671380064266,20.405927457020496,16.249318779109117,15.68657355130668,19.37158728690602,14.725568930857143,1.4296073005959364e-14,0.0,0.05390735544030974,0.05140945930181074,2.373978515295062e-15,0.5708653000183403,22.190743300016038,47.05245229997672,1.2581062000244856,0.12413949996698648,2.7636138000525534,1.1947987000457942,0.1506505999714136,6.181475799996406,6.090694700018503,679287,8.064502716064453,projected_cg,none,False,none,1e-11,20000,1415,1415,9.835041133618801e-12,0,0,0.0,9.83504098407352e-12,5,7.293083900003694,111.55432449991349,10000,40000,site_density
public_berea_site8000_state5000,flow_conditioned_sampled_state_transfer_not_independent_forward_solve,voxel_reference_npz,flow_derived_particle_trajectory,False,0,64551,408172,False,0.44429985592787097,35871,True,direct_particle_mean_plus_exact_graph_harmonic_constant_completion,none,constant_cell_state_conservative_interface_trace_connected_p1_divergence_only_v2,connected_p1,constant_particle_state_per_ownership_cell,0,64551,6.323248284302335,571220,350356,484049,1452147,0.0747739036837666,0.0687521974503667,8.758565481120895,28.746027192275463,0.07624182233365813,10.893651637387014,0.07624182233365813,10.893651637387014,38.00610962290178,38.00610962290178,40.57805512151966,40.62088151527062,46.597696792349666,36.730673635884955,40.57805512151966,40.62088151527062,46.597696792349666,36.730673635884955,26.116212157600255,25.14034350972357,29.41345511110331,24.931120698065815,2.3196864622297003e-14,0.0,0.08758757542971284,0.1169905586203011,1.3647916834244383e-14,0.5165613999124616,18.675240799901076,15.774982300004922,1.211409499985166,0.15785100008361042,2.8698240999365225,1.3088155000004917,0.15738660003989935,4.519123100093566,4.479012500029057,586577,6.959087371826172,projected_cg,none,False,none,1e-11,20000,1310,1310,9.502247877621407e-12,0,0,0.0,9.50222859029673e-12,5,6.518255200004205,68.23203159996774,8000,5000,state_density
public_berea_site8000_state10000,flow_conditioned_sampled_state_transfer_not_independent_forward_solve,voxel_reference_npz,flow_derived_particle_trajectory,False,0,64551,408172,False,0.6574646403618845,22111,True,direct_particle_mean_plus_exact_graph_harmonic_constant_completion,none,constant_cell_state_conservative_interface_trace_connected_p1_divergence_only_v2,connected_p1,constant_particle_state_per_ownership_cell,0,64551,6.323248284302335,571220,350356,484049,1452147,0.07292542321106514,0.0687521974503667,6.069952547642067,23.61437040556158,0.07261817544630964,5.6230609919542465,0.07261817544630964,5.6230609919542465,30.208477998636095,30.208477998636106,32.80662199993694,31.122627496590976,38.37545573209661,30.73700160036316,32.80662199993694,31.122627496590976,38.37545573209661,30.73700160036316,22.03909822524867,21.112698214923327,25.331508269785314,20.783818028734434,1.7578603503376478e-14,0.0,0.07190139955768121,0.07771614369417623,1.0412926104013492e-14,0.3219554000534117,13.963438999955542,18.16322579991538,1.0667864999268204,0.10259160003624856,2.477112799999304,1.1269985999679193,0.15238720003981143,4.6603564999531955,4.641486700042151,586577,6.959087371826172,projected_cg,none,False,none,1e-11,20000,1350,1350,9.941323359728211e-12,0,0,0.0,9.941335060263292e-12,5,6.782084699952975,65.87212439998984,8000,10000,state_density
public_berea_site8000_state20000,flow_conditioned_sampled_state_transfer_not_independent_forward_solve,voxel_reference_npz,flow_derived_particle_trajectory,False,0,64551,408172,False,0.8402813279422472,10310,True,direct_particle_mean_plus_exact_graph_harmonic_constant_completion,none,constant_cell_state_conservative_interface_trace_connected_p1_divergence_only_v2,connected_p1,constant_particle_state_per_ownership_cell,0,64551,6.323248284302335,571220,350356,484049,1452147,0.07091923518691923,0.0687521974503667,3.151954143890372,19.459791422772163,0.0702601880226328,2.1933707258662367,0.0702601880226328,2.1933707258662367,25.105031266397322,25.105031266397322,27.54901627411443,26.020886026440422,32.73167405426897,25.549540475712657,27.54901627411443,26.020886026440422,32.73167405426897,25.549540475712657,18.998018731186896,18.087173557047347,22.595275756622776,17.478377885727305,2.373264345462145e-14,0.0,0.06314317694383488,0.06112265301813904,7.650580176005068e-16,0.33170920005068183,14.203346700058319,24.694455899996683,0.9770293000619859,0.08473740005865693,2.4171970000024885,1.1814211000455543,0.13986669993028045,4.517716599977575,4.493061600020155,586577,6.959087371826172,projected_cg,none,False,none,1e-11,20000,1345,1345,9.993723284032839e-12,0,0,0.0,9.993695575168944e-12,5,6.697235700092278,71.73908259999007,8000,20000,state_density
