protocol_id,voxels_per_side,sites_per_side,H_over_L,H_over_h,tau,tau_times_H_over_h,e_u_percent,e_p_percent,e_phi_percent,N_cv,N_system,linear_solver_iterations,linear_solver_relative_residual,solver_status
pvfv_stabilization_scaling,16,4,0.25,4.0,0.0625,0.25,495.57223468721975,11.828862001345064,95.21547226892278,64,1359,176,7.130537450535323e-14,converged
pvfv_stabilization_scaling,16,4,0.25,4.0,0.125,0.5,256.8719321574777,10.20551991517972,63.82652256301397,64,1359,158,3.535726468682049e-14,converged
pvfv_stabilization_scaling,16,4,0.25,4.0,0.25,1.0,133.24371015397037,8.341840262591406,36.652020720191025,64,1359,155,2.7643996492564673e-14,converged
pvfv_stabilization_scaling,16,4,0.25,4.0,0.5,2.0,69.46163048878061,7.248099781478344,21.617358473135518,64,1359,164,2.7486328750155464e-14,converged
pvfv_stabilization_scaling,16,4,0.25,4.0,1.0,4.0,46.02939927688949,7.708379331510466,31.26908822101778,64,1359,186,3.895389569142361e-14,converged
pvfv_stabilization_scaling,16,4,0.25,4.0,2.0,8.0,53.242249256231425,8.949002862431527,50.455652525420746,64,1359,201,6.165493178093442e-14,converged
pvfv_stabilization_scaling,16,4,0.25,4.0,4.0,16.0,68.70626635268937,10.075893807268844,68.22270489087444,64,1359,225,7.659680884421229e-14,converged
pvfv_stabilization_scaling,32,4,0.25,8.0,0.0625,0.5,1056.4617069873343,11.873276479094208,159.78283721599627,64,1359,148,7.077704701100985e-14,converged
pvfv_stabilization_scaling,32,4,0.25,8.0,0.125,1.0,555.2639947148419,9.929937352661721,127.06648228096927,64,1359,146,5.3323181382212766e-14,converged
pvfv_stabilization_scaling,32,4,0.25,8.0,0.25,2.0,294.88913167876626,8.77018574857941,94.04886035602986,64,1359,160,2.649168555897945e-14,converged
pvfv_stabilization_scaling,32,4,0.25,8.0,0.5,4.0,158.7923199821142,9.109198652971267,68.61091113249596,64,1359,183,2.7052904877620764e-14,converged
pvfv_stabilization_scaling,32,4,0.25,8.0,1.0,8.0,95.58400764563821,10.192194923391765,62.10635328849331,64,1359,200,3.022944557889497e-14,converged
pvfv_stabilization_scaling,32,4,0.25,8.0,2.0,16.0,79.89523636397854,11.157004307531325,70.9628162408044,64,1359,215,4.0716163977024134e-14,converged
pvfv_stabilization_scaling,32,4,0.25,8.0,4.0,32.0,84.10839328217718,11.782153065100221,82.02568530590668,64,1359,226,4.9947959749296185e-14,converged
pvfv_stabilization_scaling,48,4,0.25,12.0,0.0625,0.75,1645.3505402337491,11.033705833993505,313.2929891318009,64,1359,143,1.4266973393615944e-13,converged
pvfv_stabilization_scaling,48,4,0.25,12.0,0.125,1.5,871.9374462039137,9.381074773261535,246.16167083243135,64,1359,150,4.802952148762745e-14,converged
pvfv_stabilization_scaling,48,4,0.25,12.0,0.25,3.0,464.22289132992535,9.103346877387866,174.64383870293148,64,1359,168,3.3058354633402295e-14,converged
pvfv_stabilization_scaling,48,4,0.25,12.0,0.5,6.0,247.84295718252446,10.010757900800295,116.63029308448935,64,1359,190,2.467097366617555e-14,converged
pvfv_stabilization_scaling,48,4,0.25,12.0,1.0,12.0,140.62288554970044,11.081566293654108,87.2748443614806,64,1359,204,2.3851130874973453e-14,converged
pvfv_stabilization_scaling,48,4,0.25,12.0,2.0,24.0,100.20505689337975,11.84684242960544,83.4876194487039,64,1359,216,3.299001473015527e-14,converged
pvfv_stabilization_scaling,48,4,0.25,12.0,4.0,48.0,92.83209055620952,12.299667367336829,88.54817800326754,64,1359,225,3.7691437030029715e-14,converged
pvfv_stabilization_scaling,64,4,0.25,16.0,0.0625,1.0,2253.303014399227,10.351737554278928,511.87806724490514,64,1359,142,1.198701670703212e-13,converged
pvfv_stabilization_scaling,64,4,0.25,16.0,0.125,2.0,1198.2129480616813,9.173553921408434,387.0688613269805,64,1359,152,4.0200638224179035e-14,converged
pvfv_stabilization_scaling,64,4,0.25,16.0,0.25,4.0,636.5336064739892,9.501673486849725,261.9692700946994,64,1359,176,2.6803228617881744e-14,converged
pvfv_stabilization_scaling,64,4,0.25,16.0,0.5,8.0,336.75025793563657,10.580334033795907,164.9866545636375,64,1359,194,1.5795867942412115e-14,converged
pvfv_stabilization_scaling,64,4,0.25,16.0,1.0,16.0,184.6342336959147,11.544822554021236,110.96153803186661,64,1359,205,2.2197987910564102e-14,converged
pvfv_stabilization_scaling,64,4,0.25,16.0,2.0,32.0,119.38327715652075,12.170166799199459,93.68238532753452,64,1359,216,2.712974376364347e-14,converged
pvfv_stabilization_scaling,64,4,0.25,16.0,4.0,64.0,100.07980203513034,12.524472014882244,92.94449559613406,64,1359,221,3.1571805454700917e-14,converged
pvfv_stabilization_scaling,32,8,0.125,4.0,0.0625,0.25,359.60723935679124,5.330690843810563,81.15947638544309,512,12607,384,1.8187384903951546e-13,converged
pvfv_stabilization_scaling,32,8,0.125,4.0,0.125,0.5,184.53287035486306,3.3792574527068133,55.58714318489538,512,12607,383,1.179227253956862e-13,converged
pvfv_stabilization_scaling,32,8,0.125,4.0,0.25,1.0,94.89150457908606,2.205459585507845,36.07810848480823,512,12607,422,9.883073013842617e-14,converged
pvfv_stabilization_scaling,32,8,0.125,4.0,0.5,2.0,48.94682461252958,2.2027950920418866,22.75208799593686,512,12607,498,1.23196930358717e-13,converged
pvfv_stabilization_scaling,32,8,0.125,4.0,1.0,4.0,27.682073575446108,2.5992990312755104,17.81122328917969,512,12607,618,1.6514794817472948e-13,converged
pvfv_stabilization_scaling,32,8,0.125,4.0,2.0,8.0,26.902806402823654,2.904782693540743,24.830856118532303,512,12607,753,2.6487209367820034e-13,converged
pvfv_stabilization_scaling,32,8,0.125,4.0,4.0,16.0,40.025295346792014,3.087646551154135,39.691624479063094,512,12607,879,4.049215077822204e-13,converged
pvfv_stabilization_scaling,48,12,0.08333333333333333,4.0,0.0625,0.25,215.19419027396788,2.0945122902234794,66.90513995323731,1728,44495,625,2.389950136356377e-13,converged
pvfv_stabilization_scaling,48,12,0.08333333333333333,4.0,0.125,0.5,109.11691759326625,1.282515022832803,42.44606683228683,1728,44495,641,2.1140823831140985e-13,converged
pvfv_stabilization_scaling,48,12,0.08333333333333333,4.0,0.25,1.0,55.45358238067058,0.9127699784574476,25.906554873627424,1728,44495,728,1.9651676649981234e-13,converged
pvfv_stabilization_scaling,48,12,0.08333333333333333,4.0,0.5,2.0,28.359658764453165,0.8629651710961325,15.543830451714713,1728,44495,923,2.4969038529479035e-13,converged
pvfv_stabilization_scaling,48,12,0.08333333333333333,4.0,1.0,4.0,15.672519984168776,0.9074100249859554,10.787878724319972,1728,44495,1182,3.5807675645599985e-13,converged
pvfv_stabilization_scaling,48,12,0.08333333333333333,4.0,2.0,8.0,14.671685756450742,0.9504328011501466,13.633664038264968,1728,44495,1453,5.357759519583183e-13,converged
pvfv_stabilization_scaling,48,12,0.08333333333333333,4.0,4.0,16.0,23.622442055765585,0.9789276620986026,23.469864483507852,1728,44495,1786,8.182256051634799e-13,converged
