protocol_id,case,level_label,load_functional,voxels_per_side,sites_per_side,h_over_L,H_over_L,H_over_h,N_cv,N_system,e_u_percent,e_p_percent,e_phi_percent,N_f,N_facelets,N_p_after_gauge,N_patches,N_sites,N_trace_modes,N_z,domain_length,e_p_percent_multiplier_convention,factor_memory_MiB,linear_solver_iterations,linear_solver_relative_residual,mass_backward_error_dimensionless,mass_inf_per_volume,momentum_residual_inf,nnz_A,nnz_D,periodic_x,pressure_gauge,pressure_multiplier_vs_reference_cosine,quadrature_order,run_directory,solver_formulation_id,t_factorization_s,t_geometry_build_s,t_matrix_assembly_s,t_solve_s,t_trace_geometry_s,velocity_matrix_symmetry_defect,viscosity,voxel_size,wall_seconds
pvfv_manufactured_stokes,manufactured_cube,N016_m04_linear,linear,16,4,0.0625,0.25,4.0,64,1359,46.02939927688942,7.708379331510218,31.269088221017704,4096,2304,63,144,64,432,1296,16.0,196.625152516176,0.5463333129882812,184,4.0991409425317805e-14,5.75176455472815e-14,4.054573735561486e-15,5.657696533489798e-13,45234,576,False,one_pressure_dof_eliminated_then_centered,-0.9974753148939044,5,reproduce/table_03/runs/N016_m04_linear,moment_constrained_hybrid_voronoi_connected_p1_symmetric_gradient_v1,0.0015183000359684229,0.4517399000469595,0.3497885998804122,0.010038200067356229,0.017690100008621812,0.0,1.0,1.0,1.4097198999952525
pvfv_manufactured_stokes,manufactured_cube,N016_m04_mean,mean,16,4,0.0625,0.25,4.0,64,1359,60.321490071275946,45.72793094284698,51.546819787931355,4096,2304,63,144,64,432,1296,16.0,155.29768740912593,0.5463333129882812,184,3.279899028504043e-14,3.948376516971613e-14,5.155096015560821e-15,3.2951419370874646e-13,45234,576,False,one_pressure_dof_eliminated_then_centered,-0.9883408054885648,5,reproduce/table_03/runs/N016_m04_mean,moment_constrained_hybrid_voronoi_connected_p1_symmetric_gradient_v1,0.0012332999613136053,0.03756020008586347,0.2976569999009371,0.010394399985671043,0.012391000054776669,0.0,1.0,1.0,0.9049001999665052
pvfv_manufactured_stokes,manufactured_cube,N024_m06_linear,linear,24,6,0.041666666666666664,0.16666666666666666,4.0,216,5075,37.1980644301027,4.690572447192027,23.645935177008397,13824,8640,215,540,216,1620,4860,24.0,200.5955372552897,2.1071243286132812,390,1.0101740398887581e-13,6.931074257393954e-14,6.14705721860721e-15,1.1790568521519162e-12,174734,2160,False,one_pressure_dof_eliminated_then_centered,-0.99892796820894,5,reproduce/table_03/runs/N024_m06_linear,moment_constrained_hybrid_voronoi_connected_p1_symmetric_gradient_v1,0.00478379987180233,0.21208029985427856,1.1622087000869215,0.0588638000190258,0.023426800034940243,0.0,1.0,1.0,3.4405989998485893
pvfv_manufactured_stokes,manufactured_cube,N024_m06_mean,mean,24,6,0.041666666666666664,0.16666666666666666,4.0,216,5075,44.60234955438114,23.630106751768547,35.71994670694693,13824,8640,215,540,216,1620,4860,24.0,177.33174378594714,2.1071243286132812,393,8.942889411911087e-14,1.0227764909460975e-13,1.3621894599742591e-14,1.0231815394945443e-12,174734,2160,False,one_pressure_dof_eliminated_then_centered,-0.9967065618481868,5,reproduce/table_03/runs/N024_m06_mean,moment_constrained_hybrid_voronoi_connected_p1_symmetric_gradient_v1,0.0055890001822263,0.04623889992944896,1.1161295999772847,0.06487190001644194,0.023589099990203977,0.0,1.0,1.0,3.321318699978292
pvfv_manufactured_stokes,manufactured_cube,N032_m08_linear,linear,32,8,0.03125,0.125,4.0,512,12607,27.68207357544628,2.599299031274847,17.811223289179807,32768,21504,511,1344,512,4032,12096,32.0,200.71643001714403,5.242439270019531,618,1.660339683752648e-13,1.516526282437732e-13,9.424433274071512e-15,1.5702994460298214e-12,434738,5376,False,one_pressure_dof_eliminated_then_centered,-0.9996912279563367,5,reproduce/table_03/runs/N032_m08_linear,moment_constrained_hybrid_voronoi_connected_p1_symmetric_gradient_v1,0.008269699988886714,0.17165909986943007,2.8569239999633282,0.7958649999927729,0.0458120999392122,0.0,1.0,1.0,9.497939399909228
pvfv_manufactured_stokes,manufactured_cube,N032_m08_mean,mean,32,8,0.03125,0.125,4.0,512,12607,33.271592525661326,14.094862076276607,26.285631542085596,32768,21504,511,1344,512,4032,12096,32.0,186.3871194385991,5.242439270019531,627,1.498995267288197e-13,1.8291054880661432e-13,7.764118195510995e-15,1.2079226507921703e-12,434738,5376,False,one_pressure_dof_eliminated_then_centered,-0.9991666198732487,5,reproduce/table_03/runs/N032_m08_mean,moment_constrained_hybrid_voronoi_connected_p1_symmetric_gradient_v1,0.009789799805730581,0.6207385000307113,3.4298866000026464,0.9308610998559743,0.09277480002492666,0.0,1.0,1.0,10.755297600058839
pvfv_manufactured_stokes,manufactured_cube,N048_m12_linear,linear,48,12,0.020833333333333332,0.08333333333333333,4.0,1728,44495,15.672519984169558,0.9074100249864343,10.787878724321466,110592,76032,1727,4752,1728,14256,42768,48.0,200.36385369172257,18.35700225830078,1183,3.524708315135827e-13,3.924550577782205e-13,1.3487138936225962e-14,3.126388037344441e-12,1521554,19008,False,one_pressure_dof_eliminated_then_centered,-0.9999656382215801,5,reproduce/table_03/runs/N048_m12_linear,moment_constrained_hybrid_voronoi_connected_p1_symmetric_gradient_v1,0.038982999976724386,2.6012586997821927,11.88992640003562,6.260701099876314,0.18515300005674362,0.0,1.0,1.0,46.91832359996624
pvfv_manufactured_stokes,manufactured_cube,N048_m12_mean,mean,48,12,0.020833333333333332,0.08333333333333333,4.0,1728,44495,23.318013329347515,6.527313091487342,20.214017739643346,110592,76032,1727,4752,1728,14256,42768,48.0,193.60154472365093,18.35700225830078,1184,3.0588008321527713e-13,5.911794425661673e-13,2.2564732156433346e-14,2.3785418079569354e-12,1521554,19008,False,one_pressure_dof_eliminated_then_centered,-0.9999079923460847,5,reproduce/table_03/runs/N048_m12_mean,moment_constrained_hybrid_voronoi_connected_p1_symmetric_gradient_v1,0.05113909998908639,0.4329921000171453,17.552434799959883,6.38258650014177,0.3269571999553591,0.0,1.0,1.0,57.54712560004555
pvfv_manufactured_stokes,manufactured_cube,N064_m16_linear,linear,64,16,0.015625,0.0625,4.0,4096,107775,9.776408669918908,0.40549854639576166,7.213078969078879,262144,184320,4095,11520,4096,34560,103680,64.0,200.19610808698187,44.13074493408203,1786,5.83154881105837e-13,7.93534178268283e-13,5.4470366883330505e-14,3.738787057727677e-12,3656274,46080,False,one_pressure_dof_eliminated_then_centered,-0.9999937199697283,5,reproduce/table_03/runs/N064_m16_linear,moment_constrained_hybrid_voronoi_connected_p1_symmetric_gradient_v1,0.10371799999848008,0.08710270002484322,40.612483699806035,20.697589399991557,0.6802691998891532,0.0,1.0,1.0,150.68935619993135
pvfv_manufactured_stokes,manufactured_cube,N064_m16_mean,mean,64,16,0.015625,0.0625,4.0,4096,107775,20.428049806559642,3.723443180279041,19.118660348387976,262144,184320,4095,11520,4096,34560,103680,64.0,196.32520316270097,44.13074493408203,1805,5.453626083808167e-13,9.650248136798978e-13,4.3823887161077695e-14,3.649636148850277e-12,3656274,46080,False,one_pressure_dof_eliminated_then_centered,-0.9999809625170543,5,reproduce/table_03/runs/N064_m16_mean,moment_constrained_hybrid_voronoi_connected_p1_symmetric_gradient_v1,0.1016639000736177,0.07203969988040626,42.06656890013255,22.979552499949932,0.6895595001988113,0.0,1.0,1.0,161.4655522000976
