protocol_id,case,level_label,N_f,N_cv,N_edges,N_connected_patches,N_trace_modes,N_system,nnz_A,nnz_D,nnz_KKT,factor_memory_MiB,reference_total_unknowns,KKT_over_reference_unknowns,T_cold_s,T_query_s,K_eff_parallel,K_ref_parallel,N_cv_over_N_f,N_interface_facelets,N_pressure_dofs_after_gauge,N_sites,N_trace_vector_dofs,N_z_over_N_f,admissibility_status,area_weighted_chi_median,area_weighted_chi_p05,auxiliary_site_count,break_even_queries_vs_rebuild,candidate_pool,case_display,cell_graph_radius_max,cell_graph_radius_mean,cell_graph_radius_p95,cell_volume_cv,cell_volume_max,cell_volume_mean,cell_volume_min,cfg_periodic_x,chi_min,e_K_percent,e_p_percent,e_phi_percent,e_u_percent,e_u_x_percent,e_u_y_percent,e_u_z_percent,fragmented_edge_fraction,graph_metric_periodic_x,h_S_over_h,input_bundle_sha256,kkt_bytes_per_unknown,level_index,linear_solver,linear_solver_iterations,linear_solver_maxiter,linear_solver_refinement_steps,linear_solver_relative_residual,linear_solver_rtol,local_modes_max,local_modes_mean,mass_inf_per_volume,mesh_ratio_hS_over_qS,method_id,momentum_residual_inf,n_cells_with_zero_volume,nnz_A_structural_union,nnz_A_structural_zero_fraction,nnz_D_r,orientation_anisotropy,ownership_distance_reproduced_by_bfs,patches_per_edge_mean,pressure_gauge,q_S_over_h,reference_internal_faces,reference_pore_voxels,reference_pressure_unknowns,reference_velocity_unknowns,run_directory,selection_rule,site_or_partition_rule,snap_displacement_max_vox,solver_formulation_id,source_code_sha256,t_cached_call_median_s,t_factorization_s,t_geometry_build_s,t_geometry_rebuild_s,t_initial_build_s,t_matrix_assembly_s,t_sparsity_pass_s,t_trace_geometry_s,t_trace_rebuild_s,target_site_count,velocity_matrix_symmetry_defect,wall_seconds
pvfv_cost_and_sizes,bentheimer_crop,M0_n200,42764,200,762,12639,17670,53209,38958578,27292,39013136,447.07884216308594,171056,0.3110618744738565,1298.2868644997943,125.2576301000081,0.05616077198042356,0.05225707669002652,0.004676830979328407,21076,199,200,53010,1.2395940510709942,PASS,0.6038584026195224,0.5794340356355437,0,10.364932367499026,"every pore voxel (no trajectory, no flow or reference field)",Bentheimer crop,10.0,8.535,10.0,0.5007341556846859,599.0,213.82,12.0,True,0.5773502691896257,7.4701754052424345,22.903894607825514,25.90799125702813,20.67384686758346,25.62040074969088,17.652938049438756,32.03447496744637,0.9343832020997376,False,10.0,1cd92eb295acc7e03a19c46443dcb62c73808bc676110ca0f6b5cb3f9bfe96db,8810.46710143021,0,minres,2244,50000,1,1.072040309043991e-15,1e-14,510,176.7,1.2268331528116176e-18,2.0,mask_graph_fps,4.579669976578771e-16,0,67157928,0.41989606945586533,27279,0.12980508933405524,,16.586614173228348,one_pressure_dof_eliminated_then_centered,5.0,117876,42764,42764,128292,reproduce/figure_06/refinement/runs/bentheimer_crop/M0_n200,mask_graph_fps_nested_prefix,"deterministic graph-farthest-point sampling over every pore voxel; initial candidate = smallest Euclidean distance to the pore-domain centroid with the smallest flattened voxel index as the final tie break; subsequent candidate = maximum six-neighbour pore-graph distance to the selected set, smallest flattened index breaking ties",0.0,moment_constrained_hybrid_voronoi_connected_p1_symmetric_gradient_v1,dd81dec1208ee3f93281dd5187718d137cd85f4d1c8b51215cf363ba8479ba21,125.2576301000081,0.7224977998994291,0.07057940005324781,0.37837100005708635,1173.0292343997862,1172.1286364998668,3.3052276999223977,0.10752069996669888,0.041574700037017465,200,0.0,1298.948447200004
pvfv_cost_and_sizes,bentheimer_crop,M1_n400,42764,400,1752,18091,25614,77241,38990752,39454,39069652,448.0006408691406,171056,0.45155387709288186,328.96626119990833,142.30862809997052,0.05184132558754488,0.05225707669002652,0.009353661958656815,28600,399,400,76842,1.7968852305677674,PASS,0.6148513519256877,0.5794340356355437,0,2.311639607465069,"every pore voxel (no trajectory, no flow or reference field)",Bentheimer crop,7.0,6.275,7.0,0.44469623696275734,270.0,106.91,12.0,True,0.5773502691896257,0.7955881362207694,16.797477621107745,21.839276083437014,17.86022971983607,20.383833344777216,15.203598684277306,31.35884768018758,0.9126712328767124,False,7.0,1cd92eb295acc7e03a19c46443dcb62c73808bc676110ca0f6b5cb3f9bfe96db,6081.779365880815,1,minres,3304,50000,1,1.3503176293494833e-15,1e-14,334,128.07,2.5077015426997314e-18,2.0,mask_graph_fps,2.7755575615628914e-16,0,67670370,0.42381352429431074,39450,0.12079526056833016,,10.325913242009133,one_pressure_dof_eliminated_then_centered,3.5,117876,42764,42764,128292,reproduce/figure_06/refinement/runs/bentheimer_crop/M1_n400,mask_graph_fps_nested_prefix,"deterministic graph-farthest-point sampling over every pore voxel; initial candidate = smallest Euclidean distance to the pore-domain centroid with the smallest flattened voxel index as the final tie break; subsequent candidate = maximum six-neighbour pore-graph distance to the selected set, smallest flattened index breaking ties",0.0,moment_constrained_hybrid_voronoi_connected_p1_symmetric_gradient_v1,dd81dec1208ee3f93281dd5187718d137cd85f4d1c8b51215cf363ba8479ba21,142.30862809997052,0.718303499976173,0.5498494000639766,0.17868380015715957,186.6576330999378,185.25017029978335,3.2637325001414865,0.13930990011431277,0.06604299996979535,400,0.0,329.75398760009557
pvfv_cost_and_sizes,bentheimer_crop,M2_n800,42764,800,3829,26958,36397,109990,40695017,58206,40811421,468.30838775634766,171056,0.6430057992704143,305.03963619982824,212.90107310004532,0.05126145582401944,0.05225707669002652,0.01870732391731363,37987,799,800,109191,2.5533392573192404,PASS,0.6141356769947383,0.5796011559684815,0,1.4327764146894912,"every pore voxel (no trajectory, no flow or reference field)",Bentheimer crop,5.0,4.5825,5.0,0.4139840225106969,128.0,53.455,4.0,True,0.5773502691896257,1.9052364369955266,11.065414047925403,14.95705957023358,14.099683279887634,13.816615446830305,12.786218361406258,24.541996191277224,0.9020632018803866,False,5.0,1cd92eb295acc7e03a19c46443dcb62c73808bc676110ca0f6b5cb3f9bfe96db,4464.559832712065,2,minres,4535,50000,1,1.551402995347109e-15,1e-14,227,90.9925,3.0536294027934717e-19,2.0,mask_graph_fps,1.249000902703301e-16,0,67865859,0.40036098268497566,58202,0.1265717942925985,,7.040480543222774,one_pressure_dof_eliminated_then_centered,2.5,117876,42764,42764,128292,reproduce/figure_06/refinement/runs/bentheimer_crop/M2_n800,mask_graph_fps_nested_prefix,"deterministic graph-farthest-point sampling over every pore voxel; initial candidate = smallest Euclidean distance to the pore-domain centroid with the smallest flattened voxel index as the final tie break; subsequent candidate = maximum six-neighbour pore-graph distance to the selected set, smallest flattened index breaking ties",0.0,moment_constrained_hybrid_voronoi_connected_p1_symmetric_gradient_v1,dd81dec1208ee3f93281dd5187718d137cd85f4d1c8b51215cf363ba8479ba21,212.90107310004532,0.6759649999439716,0.3697674998547882,0.11415860010311007,92.13856309978291,90.93840439990163,3.3738553000148386,0.1544262000825256,0.08812790014781058,800,0.0,305.79597480013035
pvfv_cost_and_sizes,bentheimer_crop,M3_n1600,42764,1600,8160,38169,48191,146172,36885153,81046,37047237,425.64479064941406,171056,0.8545271723879899,311.81023550010286,290.96359369996935,0.05300605165363036,0.05225707669002652,0.03741464783462726,49012,1599,1600,144573,3.380717425872229,PASS,0.6226998490772392,0.5802884574739972,0,1.071646907900202,"every pore voxel (no trajectory, no flow or reference field)",Bentheimer crop,4.0,3.35625,4.0,0.43950188115850397,72.0,26.7275,3.0,True,0.5773502691896257,1.4332507883028598,6.36843416774599,15.815135591065394,11.688766195520856,13.16330715934595,10.186757235519837,19.336743770525434,0.8340686274509804,False,4.0,1cd92eb295acc7e03a19c46443dcb62c73808bc676110ca0f6b5cb3f9bfe96db,3053.3953972032946,3,minres,6175,50000,1,1.939223153742425e-15,1e-14,158,60.23875,4.28768834179544e-19,2.0,mask_graph_fps,2.0469737016526324e-16,0,58563531,0.37016856104526896,81042,0.14629339824957988,,4.677573529411765,one_pressure_dof_eliminated_then_centered,2.0,117876,42764,42764,128292,reproduce/figure_06/refinement/runs/bentheimer_crop/M3_n1600,mask_graph_fps_nested_prefix,"deterministic graph-farthest-point sampling over every pore voxel; initial candidate = smallest Euclidean distance to the pore-domain centroid with the smallest flattened voxel index as the final tie break; subsequent candidate = maximum six-neighbour pore-graph distance to the selected set, smallest flattened index breaking ties",0.0,moment_constrained_hybrid_voronoi_connected_p1_symmetric_gradient_v1,dd81dec1208ee3f93281dd5187718d137cd85f4d1c8b51215cf363ba8479ba21,290.96359369996935,0.5479379999451339,0.3569064000621438,0.07334239990450442,20.84664180013351,19.781639199936762,3.1275949000846595,0.16015820018947124,0.11377399996854365,1600,0.0,312.7636574001517
pvfv_cost_and_sizes,bentheimer_crop,M4_n3200,42764,3200,16443,52434,61047,186340,30999497,107828,31215143,359.36145782470703,171056,1.0893508558600693,483.28392720012926,464.4401744999923,0.05264019292583599,0.05225707669002652,0.07482929566925452,61370,3199,3200,183141,4.282597511925919,PASS,0.6633249580710799,0.5773502691896257,0,1.040573046292612,"every pore voxel (no trajectory, no flow or reference field)",Bentheimer crop,3.0,2.3815625,3.0,0.4827805339167098,41.0,13.36375,2.0,True,0.5773502691896257,0.7331375195018981,2.724386873791845,13.425162075682923,10.53645949741925,11.842991109333386,8.70673554682473,19.830247730575092,0.7586206896551724,False,3.0,1cd92eb295acc7e03a19c46443dcb62c73808bc676110ca0f6b5cb3f9bfe96db,2022.2056455940753,4,minres,8190,50000,1,2.1952689072435647e-15,1e-14,105,38.154375,1.4203048459560108e-18,2.0,mask_graph_fps,1.5005358067199381e-16,0,47308437,0.34473639448286997,107823,0.16745445367353495,,3.1888341543513956,one_pressure_dof_eliminated_then_centered,1.5,117876,42764,42764,128292,reproduce/figure_06/refinement/runs/bentheimer_crop/M4_n3200,mask_graph_fps_nested_prefix,"deterministic graph-farthest-point sampling over every pore voxel; initial candidate = smallest Euclidean distance to the pore-domain centroid with the smallest flattened voxel index as the final tie break; subsequent candidate = maximum six-neighbour pore-graph distance to the selected set, smallest flattened index breaking ties",0.0,moment_constrained_hybrid_voronoi_connected_p1_symmetric_gradient_v1,dd81dec1208ee3f93281dd5187718d137cd85f4d1c8b51215cf363ba8479ba21,464.4401744999923,0.7382898000068963,0.43117150012403727,0.043165599927306175,18.843752700136974,17.41892440011725,2.825017200084403,0.25536699988879263,0.12345790001563728,3200,0.0,484.58567419997416
pvfv_cost_and_sizes,bentheimer_crop,M5_n6400,42764,6400,31658,68450,74057,228570,24567817,138128,24844063,286.9335174560547,171056,1.3362290711813676,405.71220290032215,393.30638069985434,0.05506548620606559,0.05225707669002652,0.14965859133850903,74135,6399,6400,222171,5.195281077541858,PASS,0.7071067811865476,0.5773502691896257,0,1.031542387332727,"every pore voxel (no trajectory, no flow or reference field)",Bentheimer crop,2.0,1.5775,2.0,0.5146258579569742,18.0,6.681875,1.0,True,0.5773502691896257,5.37421856315791,2.605867056126263,12.44850724893792,10.25424199714282,11.671835375664163,8.785118718816417,17.298678943457823,0.5699981047444563,False,2.0,1cd92eb295acc7e03a19c46443dcb62c73808bc676110ca0f6b5cb3f9bfe96db,1316.3214770092313,5,minres,9257,50000,1,2.670136324838923e-15,1e-14,59,23.1428125,8.131516293641283e-19,2.0,mask_graph_fps,8.847089727481716e-17,0,36118971,0.31980850174275455,138123,0.19284190034068358,,2.1621706993492955,one_pressure_dof_eliminated_then_centered,1.0,117876,42764,42764,128292,reproduce/figure_06/refinement/runs/bentheimer_crop/M5_n6400,mask_graph_fps_nested_prefix,"deterministic graph-farthest-point sampling over every pore voxel; initial candidate = smallest Euclidean distance to the pore-domain centroid with the smallest flattened voxel index as the final tie break; subsequent candidate = maximum six-neighbour pore-graph distance to the selected set, smallest flattened index breaking ties",0.0,moment_constrained_hybrid_voronoi_connected_p1_symmetric_gradient_v1,dd81dec1208ee3f93281dd5187718d137cd85f4d1c8b51215cf363ba8479ba21,393.30638069985434,0.5568860000930727,0.07091740006580949,0.0556878000497818,12.40582220046781,11.560344000114128,2.614550100173801,0.2176748001947999,0.14514359994791448,6400,0.0,407.1211050997954
pvfv_cost_and_sizes,orthogonal_duct,M0_n200,36864,200,1187,15189,21856,65767,52603876,33428,52670522,603.5189361572266,147456,0.4460110134548611,481.5280096998904,117.2950677999761,15.630229259525906,20.378276393389307,0.005425347222222222,25187,199,200,65568,1.7786458333333333,PASS,0.6081303192631499,0.5789645930452051,0,4.10527073926964,"every pore voxel (no trajectory, no flow or reference field)",Orthogonal duct,8.0,7.135,8.0,0.3489378864630533,367.0,184.32,50.0,True,0.5773502691896257,23.29955214172903,297358841343.60785,22.47006688313487,22.555695923111937,22.54397536479481,1173784636222.9856,1666178740026.3145,0.9039595619208087,False,8.0,e5740f0636f7417eeddb3f11635e6dd8b9dd9b4b7f7191824a6c4e4c68017e69,9622.386181519607,0,minres,1707,50000,1,5.738817004405332e-14,1e-14,407,218.56,1.9015853814312298e-17,2.0,mask_graph_fps,3.4583447217073626e-14,0,91624824,0.42587746744266597,33323,0.10744538564422648,,12.796124684077506,one_pressure_dof_eliminated_then_centered,4.0,107520,36864,36864,110592,reproduce/figure_06/refinement/runs/orthogonal_duct/M0_n200,mask_graph_fps_nested_prefix,"deterministic graph-farthest-point sampling over every pore voxel; initial candidate = smallest Euclidean distance to the pore-domain centroid with the smallest flattened voxel index as the final tie break; subsequent candidate = maximum six-neighbour pore-graph distance to the selected set, smallest flattened index breaking ties",0.0,moment_constrained_hybrid_voronoi_connected_p1_symmetric_gradient_v1,dd81dec1208ee3f93281dd5187718d137cd85f4d1c8b51215cf363ba8479ba21,117.2950677999761,0.9935171999968588,0.19502129987813532,0.061073599848896265,364.2329418999143,362.9944084000308,4.2346787001006305,0.04999500000849366,0.06249239994212985,200,0.0,482.39248949987814
pvfv_cost_and_sizes,orthogonal_duct,M1_n400,36864,400,2446,21511,30045,90534,49746709,47106,49840869,571.419563293457,147456,0.6139729817708334,469.2227516998537,199.63772029988468,17.687253195632955,20.378276393389307,0.010850694444444444,32262,399,400,90135,2.445068359375,PASS,0.6123724356957945,0.5793445765762414,0,2.350371217398262,"every pore voxel (no trajectory, no flow or reference field)",Orthogonal duct,6.0,5.37,6.0,0.3410510491514294,196.0,92.16,29.0,True,0.5773502691896257,13.205352336026401,105505251770.026,12.431025723734416,12.445165500071822,12.434739915751337,655172377424.4086,637949095077.2736,0.8924775143090761,False,6.0,e5740f0636f7417eeddb3f11635e6dd8b9dd9b4b7f7191824a6c4e4c68017e69,6618.25214836415,1,minres,2467,50000,1,6.365519759992929e-14,1e-14,299,150.225,2.6406882588351556e-17,2.0,mask_graph_fps,1.8512968935624485e-14,0,84949461,0.41439641388660486,47080,0.11195396285639558,,8.794358135731807,one_pressure_dof_eliminated_then_centered,3.0,107520,36864,36864,110592,reproduce/figure_06/refinement/runs/orthogonal_duct/M1_n400,mask_graph_fps_nested_prefix,"deterministic graph-farthest-point sampling over every pore voxel; initial candidate = smallest Euclidean distance to the pore-domain centroid with the smallest flattened voxel index as the final tie break; subsequent candidate = maximum six-neighbour pore-graph distance to the selected set, smallest flattened index breaking ties",0.0,moment_constrained_hybrid_voronoi_connected_p1_symmetric_gradient_v1,dd81dec1208ee3f93281dd5187718d137cd85f4d1c8b51215cf363ba8479ba21,199.63772029988468,0.8003956999164075,0.1503259998280555,0.03632459999062121,269.585031399969,268.56436450011097,4.085552700096741,0.06994520011357963,0.08044650009833276,400,0.0,469.8989141001366
pvfv_cost_and_sizes,orthogonal_duct,M2_n800,36864,800,5002,30455,39866,120397,44278118,65524,44409116,509.59983825683594,147456,0.8164944118923612,349.895063099917,244.050386399962,19.104619451982295,20.378276393389307,0.021701388888888888,41164,799,800,119598,3.2443033854166665,PASS,0.6136311676215145,0.5793445765762414,0,1.4337000988250495,"every pore voxel (no trajectory, no flow or reference field)",Orthogonal duct,5.0,4.04625,5.0,0.2475253414981233,83.0,46.08,19.0,True,0.5773502691896257,6.2500719728199625,37319059598.166245,5.892030174530303,5.760353478539773,5.75361676575957,218131917690.4814,210045505406.2378,0.8740503798480608,False,5.0,e5740f0636f7417eeddb3f11635e6dd8b9dd9b4b7f7191824a6c4e4c68017e69,4438.26806315772,2,minres,3292,50000,1,7.073388648612715e-14,1e-14,163,99.665,1.2926005071198106e-16,2.0,mask_graph_fps,1.2677359162438506e-14,0,71655948,0.382073376518583,65499,0.10288858321870704,,6.088564574170332,one_pressure_dof_eliminated_then_centered,2.5,107520,36864,36864,110592,reproduce/figure_06/refinement/runs/orthogonal_duct/M2_n800,mask_graph_fps_nested_prefix,"deterministic graph-farthest-point sampling over every pore voxel; initial candidate = smallest Euclidean distance to the pore-domain centroid with the smallest flattened voxel index as the final tie break; subsequent candidate = maximum six-neighbour pore-graph distance to the selected set, smallest flattened index breaking ties",0.0,moment_constrained_hybrid_voronoi_connected_p1_symmetric_gradient_v1,dd81dec1208ee3f93281dd5187718d137cd85f4d1c8b51215cf363ba8479ba21,244.050386399962,0.8442073999904096,0.17040800000540912,0.04152030008845031,105.84467669995502,104.74432789999992,3.664854899980128,0.08573339995928109,0.08997930004261434,800,0.0,350.55338010005653
pvfv_cost_and_sizes,orthogonal_duct,M3_n1600,36864,1600,10032,41556,50643,153528,37349601,86864,37523265,431.1766815185547,147456,1.0411783854166667,287.8416375997476,274.67915860004723,19.78612809139045,20.378276393389307,0.043402777777777776,51105,1599,1600,151929,4.121337890625,PASS,0.6236095644623235,0.5773502691896257,0,1.0479194674498982,"every pore voxel (no trajectory, no flow or reference field)",Orthogonal duct,4.0,2.995,3.0,0.2501395507141015,44.0,23.04,7.0,True,0.5773502691896257,2.9057820718878373,13778046222.5958,2.7189196267385873,2.6460936035848177,2.638897904989684,104580891525.56004,87056509298.94853,0.8129984051036683,False,4.0,e5740f0636f7417eeddb3f11635e6dd8b9dd9b4b7f7191824a6c4e4c68017e69,2944.8798916158617,3,minres,4010,50000,1,7.286939995080245e-14,1e-14,109,63.30375,1.5278493614498613e-16,2.0,mask_graph_fps,7.167877402736167e-15,0,57806163,0.35388202465539875,86832,0.13080099091659775,,4.142344497607655,one_pressure_dof_eliminated_then_centered,2.0,107520,36864,36864,110592,reproduce/figure_06/refinement/runs/orthogonal_duct/M3_n1600,mask_graph_fps_nested_prefix,"deterministic graph-farthest-point sampling over every pore voxel; initial candidate = smallest Euclidean distance to the pore-domain centroid with the smallest flattened voxel index as the final tie break; subsequent candidate = maximum six-neighbour pore-graph distance to the selected set, smallest flattened index breaking ties",0.0,moment_constrained_hybrid_voronoi_connected_p1_symmetric_gradient_v1,dd81dec1208ee3f93281dd5187718d137cd85f4d1c8b51215cf363ba8479ba21,274.67915860004723,0.6675764999818057,0.0865877999458462,0.03767920006066561,13.162478999700397,12.31342179980129,3.1771267999429256,0.09489289997145534,0.10336609999649227,1600,0.0,288.4399192999117
pvfv_cost_and_sizes,orthogonal_duct,M4_n3200,36864,3200,19080,55411,62295,190084,29177047,112978,29402975,338.66568756103516,147456,1.2890896267361112,250.3997962998692,241.22829589992762,20.155892542433502,20.378276393389307,0.08680555555555555,62563,3199,3200,186885,5.069580078125,PASS,0.7071067811865476,0.5773502691896257,0,1.0380200024450958,"every pore voxel (no trajectory, no flow or reference field)",Orthogonal duct,3.0,2.1215625,3.0,0.32421875,34.0,11.52,6.0,True,0.5773502691896257,1.0912790005534785,5483024727.235526,1.2881746529764138,1.150104412352357,1.1396374111701537,41811078721.249,42215496321.33316,0.7382075471698113,False,3.0,e5740f0636f7417eeddb3f11635e6dd8b9dd9b4b7f7191824a6c4e4c68017e69,1868.2093811157172,4,minres,5184,50000,1,7.08192327313086e-14,1e-14,88,38.934375,9.834488134566729e-17,2.0,mask_graph_fps,2.7781596467768566e-15,0,43519635,0.32956590743465564,112964,0.13468874826084992,,2.904140461215933,one_pressure_dof_eliminated_then_centered,1.5,107520,36864,36864,110592,reproduce/figure_06/refinement/runs/orthogonal_duct/M4_n3200,mask_graph_fps_nested_prefix,"deterministic graph-farthest-point sampling over every pore voxel; initial candidate = smallest Euclidean distance to the pore-domain centroid with the smallest flattened voxel index as the final tie break; subsequent candidate = maximum six-neighbour pore-graph distance to the selected set, smallest flattened index breaking ties",0.0,moment_constrained_hybrid_voronoi_connected_p1_symmetric_gradient_v1,dd81dec1208ee3f93281dd5187718d137cd85f4d1c8b51215cf363ba8479ba21,241.22829589992762,0.5731184999458492,0.039982999907806516,0.03838000004179776,9.171500399941579,8.457526799989864,2.6970591999124736,0.10087210009805858,0.12307849992066622,3200,0.0,251.22445800015703
pvfv_cost_and_sizes,orthogonal_duct,M5_n6400,36864,6400,35450,67533,71686,221457,22999482,136022,23271502,268.85558319091797,147456,1.5018513997395833,266.1986250996124,257.0315539999865,20.326196926164975,20.378276393389307,0.1736111111111111,71757,6399,6400,215058,5.833821614583333,PASS,0.7071067811865476,0.5773502691896257,0,1.035665158448314,"every pore voxel (no trajectory, no flow or reference field)",Orthogonal duct,2.0,1.38078125,2.0,0.5910486311625405,20.0,5.76,2.0,True,0.5773502691896257,0.25556365130676967,2984840993.597935,0.6052802953578317,0.4932625104007322,0.4796794461746506,24402081323.847664,20755455738.861645,0.48344146685472494,False,2.0,e5740f0636f7417eeddb3f11635e6dd8b9dd9b4b7f7191824a6c4e4c68017e69,1273.0033911775197,5,minres,6019,50000,1,7.274104099531531e-14,1e-14,66,22.401875,4.904894023527321e-17,2.0,mask_graph_fps,3.2803620930721422e-15,0,33823944,0.32002364951881423,136010,0.1708517592770622,,1.905021156558533,one_pressure_dof_eliminated_then_centered,1.0,107520,36864,36864,110592,reproduce/figure_06/refinement/runs/orthogonal_duct/M5_n6400,mask_graph_fps_nested_prefix,"deterministic graph-farthest-point sampling over every pore voxel; initial candidate = smallest Euclidean distance to the pore-domain centroid with the smallest flattened voxel index as the final tie break; subsequent candidate = maximum six-neighbour pore-graph distance to the selected set, smallest flattened index breaking ties",0.0,moment_constrained_hybrid_voronoi_connected_p1_symmetric_gradient_v1,dd81dec1208ee3f93281dd5187718d137cd85f4d1c8b51215cf363ba8479ba21,257.0315539999865,0.3695298000238836,0.04841529997065663,0.044001400005072355,9.1670710996259,8.614488999824971,2.4579510998446494,0.1346369998063892,0.1311433999799192,6400,0.0,267.2522812001407
pvfv_cost_and_sizes,skewed_duct,M0_n200,36369,200,1117,14653,20947,63040,49048055,32206,49112351,562.767692565918,145476,0.43333608292776815,531.5533844002057,117.68563650012948,3.9611833639497505,4.11416514469534,0.005499188869641728,24147,199,200,62841,1.727872638785779,PASS,0.6141356769947383,0.5787918451395112,0,4.516722687731063,"every pore voxel (no trajectory, no flow or reference field)",Skewed duct,8.0,7.12,8.0,0.36940352411779137,376.0,181.845,51.0,True,0.5773502691896257,3.7184161394891713,5.754920857870476,26.640496780312677,22.97509795989444,21.07667014468539,47.73919530370242,46.30470630885797,0.9086839749328559,False,8.0,6c182d538bc8307c213e2ee6a3980832388ba449f95caf50a60cf2bd8fe65e3e,9360.797842639593,0,minres,1797,50000,1,1.625294676540012e-14,1e-14,431,209.47,1.671948162952543e-17,2.0,mask_graph_fps,9.269004844585322e-15,0,85207599,0.4243699438121711,32148,0.10837495644093395,,13.118173679498657,one_pressure_dof_eliminated_then_centered,4.0,105477,36369,36369,109107,reproduce/figure_06/refinement/runs/skewed_duct/M0_n200,mask_graph_fps_nested_prefix,"deterministic graph-farthest-point sampling over every pore voxel; initial candidate = smallest Euclidean distance to the pore-domain centroid with the smallest flattened voxel index as the final tie break; subsequent candidate = maximum six-neighbour pore-graph distance to the selected set, smallest flattened index breaking ties",0.0,moment_constrained_hybrid_voronoi_connected_p1_symmetric_gradient_v1,dd81dec1208ee3f93281dd5187718d137cd85f4d1c8b51215cf363ba8479ba21,117.68563650012948,0.8439022998791188,1.3605329000856727,0.04078260017558932,413.8677479000762,411.5313540000934,3.9698697000276297,0.13195870001800358,0.05840650014579296,200,0.0,532.4733321999665
pvfv_cost_and_sizes,skewed_duct,M1_n400,36369,400,2369,20676,28760,86679,46202132,45088,46292154,530.7636260986328,145476,0.5958302400395942,433.1935410001315,200.37348389998078,3.752557477562659,4.11416514469534,0.010998377739283456,31201,399,400,86280,2.3723500783634415,PASS,0.6141356769947383,0.5789473684210527,0,2.1619304738763043,"every pore voxel (no trajectory, no flow or reference field)",Skewed duct,6.0,5.4025,6.0,0.35369002603259037,183.0,90.9225,23.0,True,0.5773502691896257,8.789332815162393,2.144653730701576,21.950676918732075,20.08495101123004,18.776381056597568,35.51567520243123,38.037215022751454,0.8906711692697341,False,6.0,6c182d538bc8307c213e2ee6a3980832388ba449f95caf50a60cf2bd8fe65e3e,6420.7708902963805,1,minres,2489,50000,1,1.5237805542722707e-14,1e-14,285,143.8,1.1556985534163883e-17,2.0,mask_graph_fps,3.561908031007864e-15,0,78733044,0.4131799095688463,45011,0.10300390235048548,,8.727733220768256,one_pressure_dof_eliminated_then_centered,3.0,105477,36369,36369,109107,reproduce/figure_06/refinement/runs/skewed_duct/M1_n400,mask_graph_fps_nested_prefix,"deterministic graph-farthest-point sampling over every pore voxel; initial candidate = smallest Euclidean distance to the pore-domain centroid with the smallest flattened voxel index as the final tie break; subsequent candidate = maximum six-neighbour pore-graph distance to the selected set, smallest flattened index breaking ties",0.0,moment_constrained_hybrid_voronoi_connected_p1_symmetric_gradient_v1,dd81dec1208ee3f93281dd5187718d137cd85f4d1c8b51215cf363ba8479ba21,200.37348389998078,0.8960580001585186,1.8865706000942737,0.04319289978593588,232.82005710015073,229.93833939987235,3.7290463000535965,0.09908910002559423,0.0747650999110192,400,0.0,434.0931126999203
pvfv_cost_and_sizes,skewed_duct,M2_n800,36369,800,4865,29668,38833,117298,42181275,63754,42308679,485.5267791748047,145476,0.8063048200390442,256.0370924999006,183.3075757001061,4.146112767418868,4.11416514469534,0.02199675547856691,40102,799,800,116499,3.203250020621958,PASS,0.614451804788759,0.5796011559684815,0,1.3967621988454044,"every pore voxel (no trajectory, no flow or reference field)",Skewed duct,5.0,4.03875,5.0,0.2524370874788795,86.0,45.46125,16.0,True,0.5773502691896257,0.7765274751967534,2.7293638411401036,11.629104233787185,10.25628723616358,9.185451731221994,20.253156478155418,22.146304416207123,0.8779033915724563,False,5.0,6c182d538bc8307c213e2ee6a3980832388ba449f95caf50a60cf2bd8fe65e3e,4340.327439513035,2,minres,3385,50000,1,1.8462093463144642e-14,1e-14,173,97.0825,2.1000533755965805e-17,2.0,mask_graph_fps,3.6637359812630166e-15,0,68384385,0.3831738780717264,63702,0.09556993529118972,,6.098252826310381,one_pressure_dof_eliminated_then_centered,2.5,105477,36369,36369,109107,reproduce/figure_06/refinement/runs/skewed_duct/M2_n800,mask_graph_fps_nested_prefix,"deterministic graph-farthest-point sampling over every pore voxel; initial candidate = smallest Euclidean distance to the pore-domain centroid with the smallest flattened voxel index as the final tie break; subsequent candidate = maximum six-neighbour pore-graph distance to the selected set, smallest flattened index breaking ties",0.0,moment_constrained_hybrid_voronoi_connected_p1_symmetric_gradient_v1,dd81dec1208ee3f93281dd5187718d137cd85f4d1c8b51215cf363ba8479ba21,183.3075757001061,0.8761563999578357,0.06641780002973974,0.040723999962210655,72.72951679979451,71.67799619981088,3.3923891000449657,0.10894639999605715,0.0808182000182569,800,0.0,256.8592483999673
pvfv_cost_and_sizes,skewed_duct,M3_n1600,36369,1600,9831,40260,49427,149880,35654271,84280,35822789,411.6745300292969,145476,1.0302730347273776,378.62969839992,362.98741160007194,4.272465039047847,4.11416514469534,0.04399351095713382,49898,1599,1600,148281,4.077126123896726,PASS,0.6236095644623235,0.5802884574739972,0,1.0430931935928462,"every pore voxel (no trajectory, no flow or reference field)",Skewed duct,4.0,2.9825,3.0,0.2602898005868875,42.0,22.730625,8.0,True,0.5773502691896257,3.847679633293609,2.729907911505234,8.739057799028693,7.535972152758699,6.85943393804726,13.55432647212545,15.548720870299773,0.8016478486420506,False,4.0,6c182d538bc8307c213e2ee6a3980832388ba449f95caf50a60cf2bd8fe65e3e,2880.11764077929,3,minres,4336,50000,1,1.9538065711617128e-14,1e-14,105,61.78375,2.3544127801880532e-17,2.0,mask_graph_fps,2.2187113257743363e-15,0,55578645,0.3584897400791257,84259,0.1246887027394159,,4.095209032651816,one_pressure_dof_eliminated_then_centered,2.0,105477,36369,36369,109107,reproduce/figure_06/refinement/runs/skewed_duct/M3_n1600,mask_graph_fps_nested_prefix,"deterministic graph-farthest-point sampling over every pore voxel; initial candidate = smallest Euclidean distance to the pore-domain centroid with the smallest flattened voxel index as the final tie break; subsequent candidate = maximum six-neighbour pore-graph distance to the selected set, smallest flattened index breaking ties",0.0,moment_constrained_hybrid_voronoi_connected_p1_symmetric_gradient_v1,dd81dec1208ee3f93281dd5187718d137cd85f4d1c8b51215cf363ba8479ba21,362.98741160007194,0.7310448000207543,0.5853277998976409,0.04185590008273721,15.64228679984808,14.064485599985346,2.8981079000514,0.2614285999443382,0.09813460009172559,1600,0.0,379.88413759996183
pvfv_cost_and_sizes,skewed_duct,M4_n3200,36369,3200,18735,54282,60983,186148,28111489,110578,28332603,326.37120819091797,145476,1.2795787621325854,421.83952759974636,392.06488299998455,4.43968148135161,4.11416514469534,0.08798702191426765,61272,3199,3200,182949,5.030355522560423,PASS,0.7071067811865476,0.5773502691896257,0,1.075943156071346,"every pore voxel (no trajectory, no flow or reference field)",Skewed duct,3.0,2.1175,3.0,0.33416955781863195,33.0,11.3653125,5.0,True,0.5773502691896257,7.9120872694179445,3.4816644415038587,8.708333827232613,7.557797563273402,7.404795604981378,8.8504023201003,10.528049639011442,0.7336535895382973,False,3.0,6c182d538bc8307c213e2ee6a3980832388ba449f95caf50a60cf2bd8fe65e3e,1838.4565829340095,4,minres,5397,50000,1,1.9601868450075266e-14,1e-14,84,38.114375,3.3066283965369545e-17,2.0,mask_graph_fps,1.3973197598993181e-15,0,41983317,0.3304128637572872,110557,0.1256295337984569,,2.8973578863090474,one_pressure_dof_eliminated_then_centered,1.5,105477,36369,36369,109107,reproduce/figure_06/refinement/runs/skewed_duct/M4_n3200,mask_graph_fps_nested_prefix,"deterministic graph-farthest-point sampling over every pore voxel; initial candidate = smallest Euclidean distance to the pore-domain centroid with the smallest flattened voxel index as the final tie break; subsequent candidate = maximum six-neighbour pore-graph distance to the selected set, smallest flattened index breaking ties",0.0,moment_constrained_hybrid_voronoi_connected_p1_symmetric_gradient_v1,dd81dec1208ee3f93281dd5187718d137cd85f4d1c8b51215cf363ba8479ba21,392.06488299998455,1.4978534998372197,0.17441219999454916,0.05092879990115762,29.774644599761814,27.76506399991922,2.5685032999608666,0.3373149000108242,0.11786690005101264,3200,0.0,423.9942244000267
pvfv_cost_and_sizes,skewed_duct,M5_n6400,36369,6400,34859,66387,70439,217716,22056803,133644,22324059,257.9701461791992,145476,1.496576754928648,411.357456400292,399.349117500009,4.499146678338171,4.11416514469534,0.1759740438285353,70516,6399,6400,211317,5.810360471830405,PASS,0.7071067811865476,0.5773502691896257,0,1.0300697769797442,"every pore voxel (no trajectory, no flow or reference field)",Skewed duct,2.0,1.37796875,2.0,0.5787298913243278,19.0,5.68265625,2.0,True,0.5773502691896257,9.357464275327224,4.086561849136892,9.34497326930776,8.59114159171795,8.462584219615664,9.437987658451775,11.489539586000669,0.4864740812989472,False,2.0,6c182d538bc8307c213e2ee6a3980832388ba449f95caf50a60cf2bd8fe65e3e,1242.4502746697533,5,minres,6179,50000,1,2.073153287088303e-14,1e-14,63,22.0121875,3.9014821569360075e-17,2.0,mask_graph_fps,1.4389531233227615e-15,0,32534703,0.32205303979569144,133628,0.16166318197956536,,1.904443615708999,one_pressure_dof_eliminated_then_centered,1.0,105477,36369,36369,109107,reproduce/figure_06/refinement/runs/skewed_duct/M5_n6400,mask_graph_fps_nested_prefix,"deterministic graph-farthest-point sampling over every pore voxel; initial candidate = smallest Euclidean distance to the pore-domain centroid with the smallest flattened voxel index as the final tie break; subsequent candidate = maximum six-neighbour pore-graph distance to the selected set, smallest flattened index breaking ties",0.0,moment_constrained_hybrid_voronoi_connected_p1_symmetric_gradient_v1,dd81dec1208ee3f93281dd5187718d137cd85f4d1c8b51215cf363ba8479ba21,399.349117500009,0.3572588001843542,0.39999360009096563,0.04844189994037151,12.008338900282979,10.974397500045598,2.2895468999631703,0.27668899996206164,0.1289545998442918,6400,0.0,413.04604199994355
