N_pore_voxels,N_sites,case,detour_definition,detour_unreachable_convention,euclidean__cells_disconnected,euclidean__cells_disconnected_fraction,euclidean__cells_whose_site_is_not_in_the_largest_component,euclidean__detour_finite_non_site_voxels,euclidean__detour_site_voxels,euclidean__empty_cells,euclidean__max_components_in_one_cell,euclidean__max_orphan_volume_fraction_in_one_cell,euclidean__mean_components_per_cell,euclidean__n_cells,euclidean__n_pore_voxels,euclidean__orphan_voxel_fraction,euclidean__orphan_voxels,euclidean__owner_detour_ratio_max,euclidean__owner_detour_ratio_mean,euclidean__owner_detour_ratio_p95,euclidean__owner_unreachable_voxels,euclidean__voxels_with_detour_ratio_above_1,euclidean__voxels_with_detour_ratio_above_1_fraction,euclidean__voxels_with_detour_ratio_above_2,geodesic__cells_disconnected,geodesic__cells_disconnected_fraction,geodesic__cells_whose_site_is_not_in_the_largest_component,geodesic__detour_finite_non_site_voxels,geodesic__detour_site_voxels,geodesic__empty_cells,geodesic__max_components_in_one_cell,geodesic__max_orphan_volume_fraction_in_one_cell,geodesic__mean_components_per_cell,geodesic__n_cells,geodesic__n_pore_voxels,geodesic__orphan_voxel_fraction,geodesic__orphan_voxels,geodesic__owner_detour_ratio_max,geodesic__owner_detour_ratio_mean,geodesic__owner_detour_ratio_p95,geodesic__owner_unreachable_voxels,geodesic__voxels_with_detour_ratio_above_1,geodesic__voxels_with_detour_ratio_above_1_fraction,geodesic__voxels_with_detour_ratio_above_2,graph_metric_periodic_x,owner_labels_differ_fraction,owner_labels_differ_voxels,protocol_id,seconds,site_set
42764,200,bentheimer_crop,assigned_site_graph_distance / matching_boundary_L1_distance,counted separately; excluded from finite summaries,13,0.065,0,42564,200,0,3,0.22950819672131148,1.075,200,42764,0.000654756337105977,28,5.4,1.0020536021945665,1.0,0,99,0.0023150313347675617,16,0,0.0,0,42564,200,0,1,0.0,1.0,200,42764,0.0,0,2.0,1.0006618045206994,1.0,0,61,0.001426433448695164,0,False,0.12232251426433449,5231,pvfv_ownership_metric,0.33057844266295433,mask_graph_fps_n200
42764,3200,bentheimer_crop,assigned_site_graph_distance / matching_boundary_L1_distance,counted separately; excluded from finite summaries,65,0.0203125,0,39564,3200,0,3,0.375,1.0215625,3200,42764,0.0016368908427649425,70,2.0,1.0002443298621644,1.0,0,10,0.00023384154896642035,0,0,0.0,0,39564,3200,0,1,0.0,1.0,3200,42764,0.0,0,1.0,1.0,1.0,0,0,0.0,0,False,0.1252221494715181,5355,pvfv_ownership_metric,1.4940016930922866,mask_graph_fps_n3200
42764,800,bentheimer_crop,assigned_site_graph_distance / matching_boundary_L1_distance,counted separately; excluded from finite summaries,22,0.0275,0,41964,800,0,2,0.058823529411764705,1.0275,800,42764,0.0005378355626227668,23,3.0,1.0005274362151686,1.0,0,25,0.0005846038724160509,4,0,0.0,0,41964,800,0,1,0.0,1.0,800,42764,0.0,0,2.0,1.000095319797922,1.0,0,4,9.353661958656815e-05,0,False,0.130062669535123,5562,pvfv_ownership_metric,0.4922337969765067,mask_graph_fps_n800
51113,200,berea_heldout_64,assigned_site_graph_distance / matching_boundary_L1_distance,counted separately; excluded from finite summaries,35,0.175,0,50913,200,0,4,0.3888888888888889,1.27,200,51113,0.0019368849412086944,99,17.0,1.0097535167242313,1.0,0,693,0.01355819458846086,83,0,0.0,0,50913,200,0,1,0.0,1.0,200,51113,0.0,0,2.0,1.002781277367336,1.0,0,398,0.007786668753546065,0,False,0.10971768434644806,5608,pvfv_ownership_metric,0.32510510878637433,mask_graph_fps_n200
51113,3200,berea_heldout_64,assigned_site_graph_distance / matching_boundary_L1_distance,counted separately; excluded from finite summaries,111,0.0346875,0,47913,3200,0,3,0.3,1.035625,3200,51113,0.0022890458396102754,117,4.333333333333333,1.000500907895561,1.0,0,23,0.0004499833701797977,1,0,0.0,0,47913,3200,0,1,0.0,1.0,3200,51113,0.0,0,1.0,1.0,1.0,0,0,0.0,0,False,0.1403165535186743,7172,pvfv_ownership_metric,1.7720030113123357,mask_graph_fps_n3200
51113,800,berea_heldout_64,assigned_site_graph_distance / matching_boundary_L1_distance,counted separately; excluded from finite summaries,53,0.06625,0,50313,800,0,3,0.2608695652173913,1.075,800,51113,0.0013499501105393931,69,4.333333333333333,1.0018696294529579,1.0,0,135,0.002641206738011856,5,0,0.0,0,50313,800,0,1,0.0,1.0,800,51113,0.0,0,2.0,1.000712208243065,1.0,0,45,0.000880402246003952,0,False,0.1259757791559877,6439,pvfv_ownership_metric,0.5838612248189747,mask_graph_fps_n800
35328,200,maze,assigned_site_graph_distance / matching_boundary_L1_distance,counted separately; excluded from finite summaries,56,0.28,0,35128,200,0,3,0.2988505747126437,1.3,200,35328,0.02935348731884058,1037,27.0,1.1207826343928597,1.0,0,1171,0.033146512681159424,978,0,0.0,0,35128,200,0,1,0.0,1.0,200,35328,0.0,0,1.6666666666666667,1.0001366431336827,1.0,0,9,0.0002547554347826087,0,False,0.15208899456521738,5373,pvfv_ownership_metric,0.26027592178434134,mask_graph_fps_n200
35328,3200,maze,assigned_site_graph_distance / matching_boundary_L1_distance,counted separately; excluded from finite summaries,60,0.01875,0,32128,3200,0,3,0.2,1.019375,3200,35328,0.0018399003623188405,65,18.0,1.0043679448871183,1.0,0,11,0.0003113677536231884,11,0,0.0,0,32128,3200,0,1,0.0,1.0,3200,35328,0.0,0,1.0,1.0,1.0,0,0,0.0,0,False,0.10348731884057971,3656,pvfv_ownership_metric,1.252959130331874,mask_graph_fps_n3200
35328,800,maze,assigned_site_graph_distance / matching_boundary_L1_distance,counted separately; excluded from finite summaries,85,0.10625,0,34528,800,0,3,0.2857142857142857,1.11125,800,35328,0.008576766304347826,303,25.0,1.0466877123880136,1.0,0,291,0.008237092391304348,270,0,0.0,0,34528,800,0,1,0.0,1.0,800,35328,0.0,0,1.0,1.0,1.0,0,0,0.0,0,False,0.12429234601449275,4391,pvfv_ownership_metric,0.4468060680665076,mask_graph_fps_n800
36337,200,narrow_throat,assigned_site_graph_distance / matching_boundary_L1_distance,counted separately; excluded from finite summaries,20,0.1,0,36137,200,0,3,0.37142857142857144,1.105,200,36337,0.006687398519415472,243,17.0,1.0238866772876236,1.0,0,265,0.007292842006769959,232,0,0.0,0,36137,200,0,1,0.0,1.0,200,36337,0.0,0,1.6666666666666667,1.000032284546771,1.0,0,2,5.50403170322261e-05,0,False,0.13548174037482455,4923,pvfv_ownership_metric,0.2501898570917547,mask_graph_fps_n200
36337,3200,narrow_throat,assigned_site_graph_distance / matching_boundary_L1_distance,counted separately; excluded from finite summaries,54,0.016875,0,33137,3200,0,3,0.2222222222222222,1.0184375,3200,36337,0.0016236893524506702,59,7.0,1.0003017774692942,1.0,0,2,5.50403170322261e-05,2,0,0.0,0,33137,3200,0,1,0.0,1.0,3200,36337,0.0,0,1.0,1.0,1.0,0,0,0.0,0,False,0.10369595728871399,3768,pvfv_ownership_metric,1.2664355761371553,mask_graph_fps_n3200
36337,800,narrow_throat,assigned_site_graph_distance / matching_boundary_L1_distance,counted separately; excluded from finite summaries,32,0.04,0,35537,800,0,2,0.21428571428571427,1.04,800,36337,0.002064011888708479,75,17.0,1.0098310680886586,1.0,0,71,0.0019539312546440267,67,0,0.0,0,35537,800,0,1,0.0,1.0,800,36337,0.0,0,1.0,1.0,1.0,0,0,0.0,0,False,0.1195475685939951,4344,pvfv_ownership_metric,0.43998494697734714,mask_graph_fps_n800
36864,200,orthogonal_duct,assigned_site_graph_distance / matching_boundary_L1_distance,counted separately; excluded from finite summaries,0,0.0,0,36664,200,0,1,0.0,1.0,200,36864,0.0,0,1.0,1.0,1.0,0,0,0.0,0,0,0.0,0,36664,200,0,1,0.0,1.0,200,36864,0.0,0,1.0,1.0,1.0,0,0,0.0,0,False,0.13170030381944445,4855,pvfv_ownership_metric,0.2316312389448285,mask_graph_fps_n200
36864,3200,orthogonal_duct,assigned_site_graph_distance / matching_boundary_L1_distance,counted separately; excluded from finite summaries,57,0.0178125,0,33664,3200,0,3,0.2222222222222222,1.0190625,3200,36864,0.0016547309027777778,61,1.0,1.0,1.0,0,0,0.0,0,0,0.0,0,33664,3200,0,1,0.0,1.0,3200,36864,0.0,0,1.0,1.0,1.0,0,0,0.0,0,False,0.10590277777777778,3904,pvfv_ownership_metric,1.2794833648949862,mask_graph_fps_n3200
36864,800,orthogonal_duct,assigned_site_graph_distance / matching_boundary_L1_distance,counted separately; excluded from finite summaries,3,0.00375,0,36064,800,0,2,0.02564102564102564,1.00375,800,36864,8.138020833333333e-05,3,1.0,1.0,1.0,0,0,0.0,0,0,0.0,0,36064,800,0,1,0.0,1.0,800,36864,0.0,0,1.0,1.0,1.0,0,0,0.0,0,False,0.1215549045138889,4481,pvfv_ownership_metric,0.4187317481264472,mask_graph_fps_n800
36369,200,skewed_duct,assigned_site_graph_distance / matching_boundary_L1_distance,counted separately; excluded from finite summaries,20,0.1,0,36169,200,0,2,0.3333333333333333,1.1,200,36369,0.011795760125381506,429,18.0,1.044477973112992,1.0,0,470,0.01292309384365806,428,0,0.0,0,36169,200,0,1,0.0,1.0,200,36369,0.0,0,2.0,1.0000645119669698,1.0,0,3,8.248783304462591e-05,0,False,0.13830460007148945,5030,pvfv_ownership_metric,0.24093487299978733,mask_graph_fps_n200
36369,3200,skewed_duct,assigned_site_graph_distance / matching_boundary_L1_distance,counted separately; excluded from finite summaries,61,0.0190625,0,33169,3200,0,3,0.2222222222222222,1.019375,3200,36369,0.001759740438285353,64,16.0,1.0032661018822795,1.0,0,18,0.0004949269982677555,18,0,0.0,0,33169,3200,0,1,0.0,1.0,3200,36369,0.0,0,1.0,1.0,1.0,0,0,0.0,0,False,0.10481453985537133,3812,pvfv_ownership_metric,1.2804082771763206,mask_graph_fps_n3200
36369,800,skewed_duct,assigned_site_graph_distance / matching_boundary_L1_distance,counted separately; excluded from finite summaries,49,0.06125,0,35569,800,0,3,0.2857142857142857,1.065,800,36369,0.003711952487008166,135,18.0,1.0163728715079612,1.0,0,127,0.003491984932222497,115,0,0.0,0,35569,800,0,1,0.0,1.0,800,36369,0.0,0,1.0,1.0,1.0,0,0,0.0,0,False,0.12219197668343919,4444,pvfv_ownership_metric,0.4304601610638201,mask_graph_fps_n800
35392,200,thin_wall,assigned_site_graph_distance / matching_boundary_L1_distance,counted separately; excluded from finite summaries,51,0.255,0,35192,200,0,4,0.34615384615384615,1.27,200,35392,0.03554475587703436,1258,30.0,1.1745225736729485,1.0,0,1258,0.03554475587703436,1177,0,0.0,0,35192,200,0,1,0.0,1.0,200,35392,0.0,0,1.0,1.0,1.0,0,0,0.0,0,False,0.15130537974683544,5355,pvfv_ownership_metric,0.2734478637576103,mask_graph_fps_n200
35392,3200,thin_wall,assigned_site_graph_distance / matching_boundary_L1_distance,counted separately; excluded from finite summaries,47,0.0146875,0,32192,3200,0,3,0.2222222222222222,1.0159375,3200,35392,0.001469258589511754,52,17.666666666666668,1.0033445162359178,1.0,0,9,0.0002542947558770344,9,0,0.0,0,32192,3200,0,1,0.0,1.0,3200,35392,0.0,0,1.0,1.0,1.0,0,0,0.0,0,False,0.10273508137432188,3636,pvfv_ownership_metric,1.243323182221502,mask_graph_fps_n3200
35392,800,thin_wall,assigned_site_graph_distance / matching_boundary_L1_distance,counted separately; excluded from finite summaries,90,0.1125,0,34592,800,0,5,0.3,1.125,800,35392,0.007798372513562387,276,32.0,1.052057315757015,1.0,0,275,0.007770117540687161,261,0,0.0,0,34592,800,0,1,0.0,1.0,800,35392,0.0,0,1.0,1.0,1.0,0,0,0.0,0,False,0.12386980108499096,4384,pvfv_ownership_metric,0.4723516688682139,mask_graph_fps_n800
