case,validation_role,geometry_records,state_records,trajectory_unique_sites,pore_voxels,compression_Nfl_over_Ncv,directly_measured_cell_fraction,harmonic_completed_cells,e_u_percent,e_u_trace_moment_percent,e_phi_percent,e_K_percent,mass_inf_per_volume,projection_system_relative_residual,total_pipeline_s,cached_projection_median_s,comparison_status,max_regression_delta,run_particle_trace_transfer_sha256,hybrid_voronoi_trace_sha256,manifest_sha256,manifest_path,particle_window_path,state_window_path
bentheimer_main_constant_particle_velocity_divergence_only_localcode,flow_conditioned_sampled_state_transfer_not_independent_forward_solve,321452,1921227,228992,2499801,10.916542935997764,1.0,0,19.296338438176896,18.909321783097358,22.737816752513602,2.30973670922894,4.098055324869904e-14,9.893041600896375e-12,174.560718899942,23.6486890000524,numerically_reproduced_old_result_with_local_dependency_root,0.0,986e3c634f191bc60d9bf08df9c53190f0ed5ec47aec8dd43a56183d67ecf72f,d43f1af57352aa53b6598329819c663c1be248690082758b13c0501a46a5f823,1a5ffd2e142f853de2daa542d0161eaf26105d9cf3b14879e83bf46c952e2c52,outputs/runs/transfer_full_localcode/bentheimer_main_divergence_only/particle_trace_transfer_manifest.json,outputs/dense_particle_points.csv.gz,outputs/particle_transfer/windows/bentheimer_particle_window000_099_unthinned_unwrapped_mod225.csv.gz
public_berea_main_site8000_state40000_localcode,flow_conditioned_sampled_state_transfer_not_independent_forward_solve,800000,4000000,64551,408172,6.323248284302335,0.9466003625040665,3447,23.070880080880244,17.15411192884388,16.312548641606817,0.06539317074163277,1.9283294579175436e-14,9.504893020260298e-12,100.4466517000692,4.641338599962182,numerically_reproduced_old_result_with_local_dependency_root,0.0,986e3c634f191bc60d9bf08df9c53190f0ed5ec47aec8dd43a56183d67ecf72f,d43f1af57352aa53b6598329819c663c1be248690082758b13c0501a46a5f823,a793920e4db54d675f0527635943fb320e5b1b6d3d7afd49a84c28248620affc,outputs/runs/transfer_full_localcode/public_berea_main_site8000_state40000/particle_trace_transfer_manifest.json,outputs/particle_transfer/windows/berea_particle_window_public_berea_site_master_n10000_seed20260711_wall_safe.csv.gz,outputs/particle_transfer/windows/berea_particle_window_public_berea_state_master_n40000_seed20260712_wall_safe.csv.gz
public_berea_site10000_state40000_localcode,flow_conditioned_sampled_state_transfer_not_independent_forward_solve,1000000,4000000,76199,408172,5.3566582238612055,0.9324006876730666,5151,22.16572709650211,16.249318779109114,15.877995795811561,0.30137647278575075,1.4296073005959364e-14,9.83504098407352e-12,109.66803460009396,5.6886303999926895,numerically_reproduced_old_result_with_local_dependency_root,0.0,986e3c634f191bc60d9bf08df9c53190f0ed5ec47aec8dd43a56183d67ecf72f,d43f1af57352aa53b6598329819c663c1be248690082758b13c0501a46a5f823,8e71c8b6d92f473965c4344d5a036d5f6d369863716088886567ea21b7f62b99,outputs/runs/transfer_full_localcode/public_berea_site10000_state40000/particle_trace_transfer_manifest.json,outputs/particle_transfer/windows/berea_particle_window_public_berea_site_master_n10000_seed20260711_wall_safe.csv.gz,outputs/particle_transfer/windows/berea_particle_window_public_berea_state_master_n40000_seed20260712_wall_safe.csv.gz
public_berea_site1000_state40000_localcode,flow_conditioned_sampled_state_transfer_not_independent_forward_solve,100000,4000000,9637,408172,42.35467469129397,0.9921137283386946,76,28.631427719735658,32.01883130463186,21.179893371684525,8.672054830967815,1.640084673009628e-14,9.995764729252425e-12,60.71798159996979,0.414977699983865,numerically_reproduced_old_result_with_local_dependency_root,0.0,986e3c634f191bc60d9bf08df9c53190f0ed5ec47aec8dd43a56183d67ecf72f,d43f1af57352aa53b6598329819c663c1be248690082758b13c0501a46a5f823,79ccb0d7bd672c920c9e29c65bb26cdcbb97125f011425e6d2cdc1ac9922c3a4,outputs/runs/transfer_full_localcode/public_berea_site1000_state40000/particle_trace_transfer_manifest.json,outputs/particle_transfer/windows/berea_particle_window_public_berea_site_master_n10000_seed20260711_wall_safe.csv.gz,outputs/particle_transfer/windows/berea_particle_window_public_berea_state_master_n40000_seed20260712_wall_safe.csv.gz
public_berea_site2500_state40000_localcode,flow_conditioned_sampled_state_transfer_not_independent_forward_solve,250000,4000000,23919,408172,17.06476023245119,0.9839876249007066,383,26.185958738325148,21.913267647025066,18.646526838924146,3.593205330262307,1.3633896529113843e-14,9.331978466322824e-12,71.92807629995514,1.2297135000117123,numerically_reproduced_old_result_with_local_dependency_root,0.0,986e3c634f191bc60d9bf08df9c53190f0ed5ec47aec8dd43a56183d67ecf72f,d43f1af57352aa53b6598329819c663c1be248690082758b13c0501a46a5f823,4b8de153bdaa6c386cfe840faa367900e938deef05fc787e72713eb7ead93ad4,outputs/runs/transfer_full_localcode/public_berea_site2500_state40000/particle_trace_transfer_manifest.json,outputs/particle_transfer/windows/berea_particle_window_public_berea_site_master_n10000_seed20260711_wall_safe.csv.gz,outputs/particle_transfer/windows/berea_particle_window_public_berea_state_master_n40000_seed20260712_wall_safe.csv.gz
public_berea_site5000_state40000_localcode,flow_conditioned_sampled_state_transfer_not_independent_forward_solve,500000,4000000,44357,408172,9.201974885587394,0.967017607142052,1463,24.318496694502556,18.691683977461196,17.199622109907324,0.7914589687765942,3.275829450364795e-14,9.707431975126578e-12,84.04413769999519,2.764448000001721,numerically_reproduced_old_result_with_local_dependency_root,0.0,986e3c634f191bc60d9bf08df9c53190f0ed5ec47aec8dd43a56183d67ecf72f,d43f1af57352aa53b6598329819c663c1be248690082758b13c0501a46a5f823,293dacb0db52b364d24d7880fa4bc21816fe57bc232e86a2e2a608737e27cec0,outputs/runs/transfer_full_localcode/public_berea_site5000_state40000/particle_trace_transfer_manifest.json,outputs/particle_transfer/windows/berea_particle_window_public_berea_site_master_n10000_seed20260711_wall_safe.csv.gz,outputs/particle_transfer/windows/berea_particle_window_public_berea_state_master_n40000_seed20260712_wall_safe.csv.gz
public_berea_site500_state40000_localcode,flow_conditioned_sampled_state_transfer_not_independent_forward_solve,50000,4000000,4749,408172,85.94904190355864,0.9934723099599916,31,29.46171807900171,36.907872735342636,20.376285831343584,15.084144706717002,1.9180945894092805e-14,9.930610405778464e-12,58.49517080001533,0.17948639998212457,numerically_reproduced_old_result_with_local_dependency_root,7.105427357601002e-15,986e3c634f191bc60d9bf08df9c53190f0ed5ec47aec8dd43a56183d67ecf72f,d43f1af57352aa53b6598329819c663c1be248690082758b13c0501a46a5f823,11c7abdddd28f0423746f0c71ded3712cd666955e5a6bdb4738f68dd30a0d8af,outputs/runs/transfer_full_localcode/public_berea_site500_state40000/particle_trace_transfer_manifest.json,outputs/particle_transfer/windows/berea_particle_window_public_berea_site_master_n10000_seed20260711_wall_safe.csv.gz,outputs/particle_transfer/windows/berea_particle_window_public_berea_state_master_n40000_seed20260712_wall_safe.csv.gz
public_berea_site8000_state10000_localcode,flow_conditioned_sampled_state_transfer_not_independent_forward_solve,800000,1000000,64551,408172,6.323248284302335,0.6574646403618845,22111,32.806621999936944,22.03909822524867,23.61437040556158,6.069952547642067,1.7578603503376478e-14,9.941335060263292e-12,74.96454529999755,4.4779934999533,numerically_reproduced_old_result_with_local_dependency_root,7.105427357601002e-15,986e3c634f191bc60d9bf08df9c53190f0ed5ec47aec8dd43a56183d67ecf72f,d43f1af57352aa53b6598329819c663c1be248690082758b13c0501a46a5f823,3d8132312f3531efadcba2a81e418e4052334d9800f1ae8a7b59026e1d1206d6,outputs/runs/transfer_full_localcode/public_berea_site8000_state10000/particle_trace_transfer_manifest.json,outputs/particle_transfer/windows/berea_particle_window_public_berea_site_master_n10000_seed20260711_wall_safe.csv.gz,outputs/particle_transfer/windows/berea_particle_window_public_berea_state_master_n40000_seed20260712_wall_safe.csv.gz
public_berea_site8000_state20000_localcode,flow_conditioned_sampled_state_transfer_not_independent_forward_solve,800000,2000000,64551,408172,6.323248284302335,0.8402813279422472,10310,27.54901627411443,18.998018731186896,19.459791422772163,3.151954143890372,2.373264345462145e-14,9.993695575168944e-12,84.85614629997872,4.827114599989727,numerically_reproduced_old_result_with_local_dependency_root,0.0,986e3c634f191bc60d9bf08df9c53190f0ed5ec47aec8dd43a56183d67ecf72f,d43f1af57352aa53b6598329819c663c1be248690082758b13c0501a46a5f823,b2e20c9923c3d160d7abd168e35624802f0376a65c7730a1e3c4766ccab8c5af,outputs/runs/transfer_full_localcode/public_berea_site8000_state20000/particle_trace_transfer_manifest.json,outputs/particle_transfer/windows/berea_particle_window_public_berea_site_master_n10000_seed20260711_wall_safe.csv.gz,outputs/particle_transfer/windows/berea_particle_window_public_berea_state_master_n40000_seed20260712_wall_safe.csv.gz
public_berea_site8000_state5000_localcode,flow_conditioned_sampled_state_transfer_not_independent_forward_solve,800000,500000,64551,408172,6.323248284302335,0.44429985592787097,35871,40.57805512151966,26.11621215760025,28.746027192275463,8.758565481120895,2.3196864622297003e-14,9.50222859029673e-12,73.39996290009003,5.13862809992861,numerically_reproduced_old_result_with_local_dependency_root,0.0,986e3c634f191bc60d9bf08df9c53190f0ed5ec47aec8dd43a56183d67ecf72f,d43f1af57352aa53b6598329819c663c1be248690082758b13c0501a46a5f823,c774daf6da8cebfd7011d6cc1eb81e74c2f0e9d1188f8c764cf0dfecf4aca0c2,outputs/runs/transfer_full_localcode/public_berea_site8000_state5000/particle_trace_transfer_manifest.json,outputs/particle_transfer/windows/berea_particle_window_public_berea_site_master_n10000_seed20260711_wall_safe.csv.gz,outputs/particle_transfer/windows/berea_particle_window_public_berea_state_master_n40000_seed20260712_wall_safe.csv.gz
heldout_berea_x_site1000_state5000_reference6000_localcode,flow_conditioned_sampled_state_transfer_not_independent_forward_solve,100000,500000,7779,51113,6.570638899601491,0.9404807815914642,463,23.803032525734505,19.323844697443846,16.97503684949512,2.496410808668215,2.1486935494752224e-14,9.675823956037866e-12,13.937980900052935,0.21692879998590797,new_6000_step_converged_reference,,986e3c634f191bc60d9bf08df9c53190f0ed5ec47aec8dd43a56183d67ecf72f,d43f1af57352aa53b6598329819c663c1be248690082758b13c0501a46a5f823,e3d88f5fc4ad5075c50d64dd4604ed5f713269dffff62924ac6b531e8fabcd9d,outputs/runs/heldout_transfer_reference6000_localcode/particle_trace_transfer_manifest.json,data/berea64/particle_tracks.csv.gz,outputs/ptv_windows_heldout/berea_particle_window_heldout_berea_x_state_n5000_seed20260712_reference6000_wall_safe.csv.gz
