protocol_id,case,case_display,budget_label,method_id,method_display,site_or_partition_rule,selection_used_reference_errors,admissibility_status,N_f,N_sites,N_cv,N_edges,N_connected_patches,N_trace_modes,N_trace_vector_dofs,N_pressure_dofs_after_gauge,N_system,proposed_N_system,relative_N_system_difference_from_proposed,e_K_percent,e_phi_percent,e_u_percent,e_p_percent,mass_inf_per_volume,momentum_residual_inf,linear_solver_iterations,linear_solver_relative_residual,beta_h,schur_condition_proxy,t_initial_build_s,t_cached_call_median_s,factor_memory_MiB,solver_formulation_id,source_code_sha256,input_bundle_sha256,run_directory,level_label,h_S_over_h,q_S_over_h,mesh_ratio_hS_over_qS,fragmented_edge_fraction,patches_per_edge_mean,orientation_anisotropy,cell_volume_cv,K_eff_parallel,K_ref_parallel,graph_metric_periodic_x,e_p_percent_multiplier_convention,pressure_multiplier_vs_reference_cosine,e_p_sign_reconciliation_applied,p_h_Mp_norm,p_ref_Mp_norm,pressure_scale_fL_sqrtV,e_p_reference_degenerate,e_p_interpretable,e_K_signed_percent,reference_steady_converged,reference_steady_momentum_inf,reference_steps_completed,geometry_descriptor_status
pvfv_forward_studies_v1,bentheimer_crop,Bentheimer crop,full,proposed,PoreVoronoi-FV (trajectory sites),frozen trajectory-derived sites selected by deterministic nested graph-farthest-point sampling; production graph-geodesic ownership,False,PASS,42764,6739,6739,28136,38437,53965,161895,6738,168633,168633,0.0,8.993888036634893,12.982136970483468,12.649529945830102,1.7992200322738825,5.338425150070228e-18,4.996003610813204e-16,9222,3.5444042834238052e-15,0.004229950186959992,71819.29232604716,12.071526400046423,162.28806010005064,143.83752059936523,moment_constrained_hybrid_voronoi_connected_p1_symmetric_gradient_v1,dd81dec1208ee3f93281dd5187718d137cd85f4d1c8b51215cf363ba8479ba21,a774635ea170e97c670106c27f35807fc63063cb818fd13ed571b46b2fd1971b,outputs/forward_studies/runs/controlled_refinement/bentheimer_crop/level_05_L5_frac1,L5_frac1,11.0,0.5,22.0,0.1983579755473415,1.3661145862951378,0.36324496711181975,1.562453989286263,0.05695701965874594,0.05225707669002652,False,198.86774834590048,-0.9999005605187851,true,8.648910682686244,8.74752218274909,39.70456014112233,False,True,8.993888036634893,False,3.18350082089689e-05,900,h_S uses the non-periodic graph metric measured as the production convention
pvfv_forward_studies_v1,bentheimer_crop,Bentheimer crop,full,mask_graph_fps,Mask-only graph FPS,"deterministic graph-farthest-point sampling over every pore voxel (no trajectory, no flow or reference field); initial candidate = smallest Euclidean distance to the pore-domain centroid with the smallest flattened voxel index as the final tie break; the site count is chosen by bisection on |N_system - target|",False,PASS,42764,2350,2350,12072,45588,55425,166275,2349,168624,168633,-5.3370336766825e-05,0.5328198161497136,12.304438189167785,9.99097508151792,3.3023975122380382,5.782411586589357e-19,1.4224732503009818e-16,6863,2.0322859823999e-15,0.002239680131324363,138325.21532199977,11.50189710012637,229.84551279991865,388.63333892822266,moment_constrained_hybrid_voronoi_connected_p1_symmetric_gradient_v1,dd81dec1208ee3f93281dd5187718d137cd85f4d1c8b51215cf363ba8479ba21,1cd92eb295acc7e03a19c46443dcb62c73808bc676110ca0f6b5cb3f9bfe96db,outputs/forward_studies/runs/site_rule_comparison/bentheimer_crop/full/mask_graph_fps,,3.0,1.5,2.0,0.7958913187541418,3.7763419483101393,0.1704671577035617,0.37728317849019544,0.052535512749971536,0.05225707669002652,False,198.23419173071167,-0.9996001514284978,true,8.594213237373776,8.746933909235935,39.70456014112233,False,True,0.5328198161497136,False,3.18350082089689e-05,900,h_S uses the non-periodic graph metric measured as the production convention
pvfv_forward_studies_v1,bentheimer_crop,Bentheimer crop,full,connected_block_agglomeration,Connected block agglomeration,"axis-aligned voxel blocks clipped to the pore mask and split into six-connected components by the production reindex, searched over two nested geometry-only families: (i) fixed sides (bz, by, bx) over (2, 3, 4, 5, 6, 7, 8, 10, 12) at offset (0, 0, 0); and (ii) a graded family parameterised by a requested block count m, where each axis of length L is split into n = clip(round(L * (m / (Lz*Ly*Lx))**(1/3)), 1, L) nearly equal contiguous intervals by index(c) = (c * n) // L.  Family (ii) is near-cubic by construction; it coincides with family (i) whenever the fixed sides are the isotropic near-cubic choice, and it fills the gaps between the members of family (i) that the integer side lengths cannot reach.  Both families are searched and the union is ranked together; m is found by bisection on N_system.  The selected candidate minimises |N_system - target|, with ties broken by the smaller block volume, then the family name, then the axis divisions, then the fixed sides.",False,PASS,42764,0,8370,21741,21741,52929,158787,8369,167156,168633,-0.008758665267177836,6.140156386369072,8.469850900519926,9.405491535464597,0.5514039785513705,2.295353407940747e-18,1.7867651802561113e-16,6165,4.8102890273800775e-15,0.0036746886308383284,83703.4111167801,9.578140799887478,49.53750059986487,31.242385864257812,moment_constrained_hybrid_voronoi_connected_p1_symmetric_gradient_v1,dd81dec1208ee3f93281dd5187718d137cd85f4d1c8b51215cf363ba8479ba21,1cd92eb295acc7e03a19c46443dcb62c73808bc676110ca0f6b5cb3f9bfe96db,outputs/forward_studies/runs/site_rule_comparison/bentheimer_crop/full/connected_block_agglomeration,,3.0,nan,nan,0.0,1.0,0.1087632349628295,0.4875691087775241,0.05546574292173897,0.05225707669002652,True,199.73956884706774,-0.9999881426894951,true,8.72937587093226,8.752117290034445,39.70456014112233,False,True,6.140156386369072,False,3.18350082089689e-05,900,"q_S and mesh_ratio are NOT APPLICABLE: this partition has no prescribed sites, and q_S is defined as half the minimum graph distance between two distinct sites; h_S here uses the periodic-x graph metric, whereas the proposed and mask-FPS rows use the non-periodic metric; support descriptors are therefore NOT comparable across methods in this table"
pvfv_forward_studies_v1,bentheimer_crop,Bentheimer crop,full,euclidean_partition_with_deterministic_connectivity_repair,Euclidean partition (repaired),"the same frozen trajectory sites, Euclidean nearest-site assignment with ties broken by the smallest site index, then deterministic six-connected repair: every voxel of a non-site-containing component is reassigned to the neighbouring component with the largest shared interface area, iterated to a fixed point",False,PASS,42764,0,6739,28323,40940,54825,164475,6738,171213,168633,0.015299496539823166,9.493686204370082,13.154298955533983,12.828761705905844,1.4133756224715213,1.0842021724855044e-18,3.885780586188048e-16,8183,2.201079156998891e-15,0.005550865989993929,42606.0457490803,10.162815199932083,157.09513589995913,153.1676139831543,moment_constrained_hybrid_voronoi_connected_p1_symmetric_gradient_v1,dd81dec1208ee3f93281dd5187718d137cd85f4d1c8b51215cf363ba8479ba21,1cd92eb295acc7e03a19c46443dcb62c73808bc676110ca0f6b5cb3f9bfe96db,outputs/forward_studies/runs/site_rule_comparison/bentheimer_crop/full/euclidean_partition_with_deterministic_connectivity_repair,,14.0,nan,nan,0.21830314585319352,1.4454683472795962,0.2979476895507104,1.5825603499349905,0.05721819957055466,0.05225707669002652,True,199.1194535077822,-0.9999380722028127,true,8.671325565090502,8.748086853706475,39.70456014112233,False,True,9.493686204370082,False,3.18350082089689e-05,900,"q_S and mesh_ratio are NOT COMPUTED: this row was passed to the solver as a voxel partition rather than as a site set, so the archived seed array is empty even though the underlying frozen sites exist and each cell contains exactly one; h_S here uses the periodic-x graph metric, whereas the proposed and mask-FPS rows use the non-periodic metric; support descriptors are therefore NOT comparable across methods in this table"
pvfv_forward_studies_v1,bentheimer_crop,Bentheimer crop,half,proposed,PoreVoronoi-FV (trajectory sites),frozen trajectory-derived sites selected by deterministic nested graph-farthest-point sampling; production graph-geodesic ownership,False,PASS,42764,421,421,1993,17222,25282,75846,420,76266,76266,0.0,2.1285008091265887,17.742243861324074,16.847518104326266,15.074047996840894,3.771964678126258e-19,1.8041124150158794e-16,3294,8.379160014813679e-16,0.007308704903228473,8980.030937665577,146.4024004000239,96.7037215998862,374.59799575805664,moment_constrained_hybrid_voronoi_connected_p1_symmetric_gradient_v1,dd81dec1208ee3f93281dd5187718d137cd85f4d1c8b51215cf363ba8479ba21,a774635ea170e97c670106c27f35807fc63063cb818fd13ed571b46b2fd1971b,outputs/forward_studies/runs/controlled_refinement/bentheimer_crop/level_00_L0_frac0.0625,L0_frac0.0625,13.0,3.0,4.333333333333333,0.9136979427997993,8.641244355243352,0.14771104977633956,0.3469537015101349,0.051144784389853405,0.05225707669002652,False,192.50908362977174,-0.9904372191129551,true,8.113799578705814,8.727297522178892,39.70456014112233,False,True,-2.1285008091265887,False,3.18350082089689e-05,900,h_S uses the non-periodic graph metric measured as the production convention
pvfv_forward_studies_v1,bentheimer_crop,Bentheimer crop,half,mask_graph_fps,Mask-only graph FPS,"deterministic graph-farthest-point sampling over every pore voxel (no trajectory, no flow or reference field); initial candidate = smallest Euclidean distance to the pore-domain centroid with the smallest flattened voxel index as the final tie break; the site count is chosen by bisection on |N_system - target|",False,PASS,42764,393,393,1710,17798,25283,75849,392,76241,76266,-0.0003278000681824142,0.006766129804550456,21.611245393569227,17.83057145466263,16.685673908105223,1.2447754183435697e-18,1.8041124150158794e-16,3282,1.2824174386547353e-15,0.00294185155996136,50884.86885074739,161.44147339998744,130.65536289988086,444.45447158813477,moment_constrained_hybrid_voronoi_connected_p1_symmetric_gradient_v1,dd81dec1208ee3f93281dd5187718d137cd85f4d1c8b51215cf363ba8479ba21,1cd92eb295acc7e03a19c46443dcb62c73808bc676110ca0f6b5cb3f9bfe96db,outputs/forward_studies/runs/site_rule_comparison/bentheimer_crop/half/mask_graph_fps,,7.0,3.5,2.0,0.9134502923976608,10.408187134502924,0.12539153278771334,0.4415981633847275,0.05226061247166743,0.05225707669002652,False,191.84286636951788,-0.9880476556897146,true,8.063108403246655,8.724627696298151,39.70456014112233,False,True,0.006766129804550456,False,3.18350082089689e-05,900,h_S uses the non-periodic graph metric measured as the production convention
pvfv_forward_studies_v1,bentheimer_crop,Bentheimer crop,half,connected_block_agglomeration,Connected block agglomeration,"axis-aligned voxel blocks clipped to the pore mask and split into six-connected components by the production reindex, searched over two nested geometry-only families: (i) fixed sides (bz, by, bx) over (2, 3, 4, 5, 6, 7, 8, 10, 12) at offset (0, 0, 0); and (ii) a graded family parameterised by a requested block count m, where each axis of length L is split into n = clip(round(L * (m / (Lz*Ly*Lx))**(1/3)), 1, L) nearly equal contiguous intervals by index(c) = (c * n) // L.  Family (ii) is near-cubic by construction; it coincides with family (i) whenever the fixed sides are the isotropic near-cubic choice, and it fills the gaps between the members of family (i) that the integer side lengths cannot reach.  Both families are searched and the union is ranked together; m is found by bisection on N_system.  The selected candidate minimises |N_system - target|, with ties broken by the smaller block volume, then the family name, then the axis divisions, then the fixed sides.",False,PASS,42764,0,3417,8491,8491,23716,71148,3416,74564,76266,-0.02231662864185876,8.35807839018895,11.252176876791516,10.877766128536956,2.6205538289084402,8.393500407891856e-19,4.0245584642661925e-16,5221,2.735430269523493e-15,0.0016536235021260635,313433.4139584472,5.5336909994948655,16.670322600053623,17.86416244506836,moment_constrained_hybrid_voronoi_connected_p1_symmetric_gradient_v1,dd81dec1208ee3f93281dd5187718d137cd85f4d1c8b51215cf363ba8479ba21,1cd92eb295acc7e03a19c46443dcb62c73808bc676110ca0f6b5cb3f9bfe96db,outputs/forward_studies/runs/site_rule_comparison/bentheimer_crop/half/connected_block_agglomeration,,6.0,nan,nan,0.0,1.0,0.5152992686203294,0.4006495857381196,0.056624764124200096,0.05225707669002652,True,198.5625721087681,-0.9997547058216768,true,8.625400093458959,8.750111125576087,39.70456014112233,False,True,8.35807839018895,False,3.18350082089689e-05,900,"q_S and mesh_ratio are NOT APPLICABLE: this partition has no prescribed sites, and q_S is defined as half the minimum graph distance between two distinct sites; h_S here uses the periodic-x graph metric, whereas the proposed and mask-FPS rows use the non-periodic metric; support descriptors are therefore NOT comparable across methods in this table"
pvfv_forward_studies_v1,skewed_duct,Skewed duct,full,proposed,PoreVoronoi-FV (trajectory sites),frozen trajectory-derived sites selected by deterministic nested graph-farthest-point sampling; production graph-geodesic ownership,False,PASS,36369,5268,5268,23048,33561,48464,145392,5267,150659,150659,0.0,5.400464228051231,6.293405269321646,5.907948363524693,5.26964215654692,1.805196617188365e-17,1.484350683766801e-15,7080,9.699451691898215e-15,0.010130782881720528,12668.345585906945,6.648329199990258,129.55044350004755,123.64891815185547,moment_constrained_hybrid_voronoi_connected_p1_symmetric_gradient_v1,dd81dec1208ee3f93281dd5187718d137cd85f4d1c8b51215cf363ba8479ba21,11ffb3c26d17eb8ff74ce6ecd9c9dfc50fcf62b29de08557b97d68a50ad74353,outputs/forward_studies/runs/controlled_refinement/skewed_duct/level_05_L5_frac1,L5_frac1,8.0,0.5,16.0,0.2690472058313086,1.4561350225616105,0.4447120418848167,1.019206394370066,4.336349161617564,4.11416514469534,False,197.44476529069848,-0.9988966407060709,true,5.576237104041366,5.7192619929651345,24.410442355680487,False,True,5.400464228051231,False,1.9493580994865704e-05,900,h_S uses the non-periodic graph metric measured as the production convention
pvfv_forward_studies_v1,skewed_duct,Skewed duct,full,mask_graph_fps,Mask-only graph FPS,"deterministic graph-farthest-point sampling over every pore voxel (no trajectory, no flow or reference field); initial candidate = smallest Euclidean distance to the pore-domain centroid with the smallest flattened voxel index as the final tie break; the site count is chosen by bisection on |N_system - target|",False,PASS,36369,1621,1621,9946,40605,49673,149019,1620,150639,150659,-0.00013275011781572956,3.905306333248922,8.765542546335837,7.55224202806634,2.7263021597258636,7.375360570150178e-17,2.104219576359867e-15,4292,1.9662643878043933e-14,0.009299387804673938,7824.584684638008,13.332593400031328,200.71966449986212,412.8465995788574,moment_constrained_hybrid_voronoi_connected_p1_symmetric_gradient_v1,dd81dec1208ee3f93281dd5187718d137cd85f4d1c8b51215cf363ba8479ba21,6c182d538bc8307c213e2ee6a3980832388ba449f95caf50a60cf2bd8fe65e3e,outputs/forward_studies/runs/site_rule_comparison/skewed_duct/full/mask_graph_fps,,4.0,2.0,2.0,0.8007239091091897,4.082545747033984,0.1201265679737823,0.2655138060530593,4.274835896651447,4.11416514469534,False,198.24520301634226,-0.9997764944332191,true,5.5947663889125625,5.694054742362092,24.410442355680487,False,True,3.905306333248922,False,1.9493580994865704e-05,900,h_S uses the non-periodic graph metric measured as the production convention
pvfv_forward_studies_v1,skewed_duct,Skewed duct,full,connected_block_agglomeration,Connected block agglomeration,"axis-aligned voxel blocks clipped to the pore mask and split into six-connected components by the production reindex, searched over two nested geometry-only families: (i) fixed sides (bz, by, bx) over (2, 3, 4, 5, 6, 7, 8, 10, 12) at offset (0, 0, 0); and (ii) a graded family parameterised by a requested block count m, where each axis of length L is split into n = clip(round(L * (m / (Lz*Ly*Lx))**(1/3)), 1, L) nearly equal contiguous intervals by index(c) = (c * n) // L.  Family (ii) is near-cubic by construction; it coincides with family (i) whenever the fixed sides are the isotropic near-cubic choice, and it fills the gaps between the members of family (i) that the integer side lengths cannot reach.  Both families are searched and the union is ranked together; m is found by bisection on N_system.  The selected candidate minimises |N_system - target|, with ties broken by the smaller block volume, then the family name, then the axis divisions, then the fixed sides.",False,PASS,36369,0,7070,20005,20005,49055,147165,7069,154234,150659,0.02372908355956166,13.042319631984528,12.001607279467793,11.808390838957104,4.952337342954877,1.8865117801247777e-17,8.604228440844963e-16,4356,6.49876586298801e-15,0.003935966301772241,73569.08740630388,8.432892199838534,31.174596400000155,26.692901611328125,moment_constrained_hybrid_voronoi_connected_p1_symmetric_gradient_v1,dd81dec1208ee3f93281dd5187718d137cd85f4d1c8b51215cf363ba8479ba21,6c182d538bc8307c213e2ee6a3980832388ba449f95caf50a60cf2bd8fe65e3e,outputs/forward_studies/runs/site_rule_comparison/skewed_duct/full/connected_block_agglomeration,,3.0,nan,nan,0.0,1.0,0.029346376167185415,0.46288746461986324,4.650747713054205,4.11416514469534,True,196.9124783142612,-0.9992145456616242,true,5.533431327340358,5.70744287783964,24.410442355680487,False,True,13.042319631984528,False,1.9493580994865704e-05,900,"q_S and mesh_ratio are NOT APPLICABLE: this partition has no prescribed sites, and q_S is defined as half the minimum graph distance between two distinct sites; h_S here uses the periodic-x graph metric, whereas the proposed and mask-FPS rows use the non-periodic metric; support descriptors are therefore NOT comparable across methods in this table"
pvfv_forward_studies_v1,skewed_duct,Skewed duct,full,euclidean_partition_with_deterministic_connectivity_repair,Euclidean partition (repaired),"the same frozen trajectory sites, Euclidean nearest-site assignment with ties broken by the smallest site index, then deterministic six-connected repair: every voxel of a non-site-containing component is reassigned to the neighbouring component with the largest shared interface area, iterated to a fixed point",False,PASS,36369,0,5268,23626,35024,49030,147090,5267,152357,150659,0.01127048500255544,8.428348460511195,8.492459613185668,8.005765666579274,5.157607296934704,1.1437795861257336e-17,1.547373340571312e-15,6242,8.861027197354715e-15,0.013277244745412862,7441.083896372516,8.739852099912241,102.13821210013703,131.86492919921875,moment_constrained_hybrid_voronoi_connected_p1_symmetric_gradient_v1,dd81dec1208ee3f93281dd5187718d137cd85f4d1c8b51215cf363ba8479ba21,6c182d538bc8307c213e2ee6a3980832388ba449f95caf50a60cf2bd8fe65e3e,outputs/forward_studies/runs/site_rule_comparison/skewed_duct/full/euclidean_partition_with_deterministic_connectivity_repair,,11.0,nan,nan,0.2560314907305511,1.4824346059426057,0.39502071591205995,1.0673194792927536,4.460921319331158,4.11416514469534,True,197.02691325774805,-0.9990712300068102,true,5.550005850624527,5.717372363245046,24.410442355680487,False,True,8.428348460511195,False,1.9493580994865704e-05,900,"q_S and mesh_ratio are NOT COMPUTED: this row was passed to the solver as a voxel partition rather than as a site set, so the archived seed array is empty even though the underlying frozen sites exist and each cell contains exactly one; h_S here uses the periodic-x graph metric, whereas the proposed and mask-FPS rows use the non-periodic metric; support descriptors are therefore NOT comparable across methods in this table"
pvfv_forward_studies_v1,skewed_duct,Skewed duct,half,proposed,PoreVoronoi-FV (trajectory sites),frozen trajectory-derived sites selected by deterministic nested graph-farthest-point sampling; production graph-geodesic ownership,False,PASS,36369,329,329,2003,16912,24902,74706,328,75034,75034,0.0,1.801931596900719,18.296132655794008,16.902169491415343,4.627941227627833,1.3600554914660271e-17,4.649058915617843e-15,2391,1.429028942555039e-14,0.026030440873558772,733.1579955736853,183.96348099969327,120.08094009989873,446.345401763916,moment_constrained_hybrid_voronoi_connected_p1_symmetric_gradient_v1,dd81dec1208ee3f93281dd5187718d137cd85f4d1c8b51215cf363ba8479ba21,11ffb3c26d17eb8ff74ce6ecd9c9dfc50fcf62b29de08557b97d68a50ad74353,outputs/forward_studies/runs/controlled_refinement/skewed_duct/level_00_L0_frac0.0625,L0_frac0.0625,10.0,3.0,3.3333333333333335,0.8771842236645032,8.443334997503744,0.1272796715363314,0.2680027960725955,4.0400307030043985,4.11416514469534,False,196.21970234472943,-0.9996224555789476,true,5.42647400267711,5.638585255558729,24.410442355680487,False,True,-1.801931596900719,False,1.9493580994865704e-05,900,h_S uses the non-periodic graph metric measured as the production convention
pvfv_forward_studies_v1,skewed_duct,Skewed duct,half,mask_graph_fps,Mask-only graph FPS,"deterministic graph-farthest-point sampling over every pore voxel (no trajectory, no flow or reference field); initial candidate = smallest Euclidean distance to the pore-domain centroid with the smallest flattened voxel index as the final tie break; the site count is chosen by bisection on |N_system - target|",False,PASS,36369,288,288,1681,17556,24903,74709,287,74996,75034,-0.0005064370818562251,8.127804583238452,25.48170648355847,22.474766334879494,2.9179809928893015,8.290510618381049e-18,5.9119376061289586e-15,2142,1.487110333028883e-14,0.023818937860338184,848.0201445095335,310.4451964003965,92.45195379992947,548.4235992431641,moment_constrained_hybrid_voronoi_connected_p1_symmetric_gradient_v1,dd81dec1208ee3f93281dd5187718d137cd85f4d1c8b51215cf363ba8479ba21,6c182d538bc8307c213e2ee6a3980832388ba449f95caf50a60cf2bd8fe65e3e,outputs/forward_studies/runs/site_rule_comparison/skewed_duct/half/mask_graph_fps,,7.0,3.5,2.0,0.8875669244497323,10.443783462224866,0.10343775427176564,0.36965984335988455,3.7797738415027933,4.11416514469534,False,198.14894919751592,-0.9997383896715916,true,5.54009913349568,5.643838023162858,24.410442355680487,False,True,-8.127804583238452,False,1.9493580994865704e-05,900,h_S uses the non-periodic graph metric measured as the production convention
pvfv_forward_studies_v1,skewed_duct,Skewed duct,half,connected_block_agglomeration,Connected block agglomeration,"axis-aligned voxel blocks clipped to the pore mask and split into six-connected components by the production reindex, searched over two nested geometry-only families: (i) fixed sides (bz, by, bx) over (2, 3, 4, 5, 6, 7, 8, 10, 12) at offset (0, 0, 0); and (ii) a graded family parameterised by a requested block count m, where each axis of length L is split into n = clip(round(L * (m / (Lz*Ly*Lx))**(1/3)), 1, L) nearly equal contiguous intervals by index(c) = (c * n) // L.  Family (ii) is near-cubic by construction; it coincides with family (i) whenever the fixed sides are the isotropic near-cubic choice, and it fills the gaps between the members of family (i) that the integer side lengths cannot reach.  Both families are searched and the union is ranked together; m is found by bisection on N_system.  The selected candidate minimises |N_system - target|, with ties broken by the smaller block volume, then the family name, then the axis divisions, then the fixed sides.",False,PASS,36369,0,2806,7762,7762,23156,69468,2805,72273,75034,-0.036796652184343095,3.818334684353316,3.8675906354300897,3.797479181076182,2.329960727061004,8.40256683676266e-18,7.4593109467002705e-16,2882,4.565289967654655e-15,0.009315655999292776,10633.379674768059,7.012439899612218,7.657931099878624,16.084091186523438,moment_constrained_hybrid_voronoi_connected_p1_symmetric_gradient_v1,dd81dec1208ee3f93281dd5187718d137cd85f4d1c8b51215cf363ba8479ba21,6c182d538bc8307c213e2ee6a3980832388ba449f95caf50a60cf2bd8fe65e3e,outputs/forward_studies/runs/site_rule_comparison/skewed_duct/half/connected_block_agglomeration,,6.0,nan,nan,0.0,1.0,0.13126079447322964,0.3680692487387691,4.271257739386817,4.11416514469534,True,198.53377479645695,-0.9998323951716692,true,5.63139958002955,5.7147147680576005,24.410442355680487,False,True,3.818334684353316,False,1.9493580994865704e-05,900,"q_S and mesh_ratio are NOT APPLICABLE: this partition has no prescribed sites, and q_S is defined as half the minimum graph distance between two distinct sites; h_S here uses the periodic-x graph metric, whereas the proposed and mask-FPS rows use the non-periodic metric; support descriptors are therefore NOT comparable across methods in this table"
