protocol_id,study_source,case,level_or_budget,method_id,pressure_dimension_before_gauge,pressure_dimension_after_gauge,rank_defect_estimate_after_gauge,schur_lambda_min_positive,schur_lambda_max,beta_h,schur_condition_proxy,spectral_method,spectral_tolerance,spectral_iterations,spectral_residual_max,gauge_choice,gauge_sensitivity_relative_solution_difference,kkt_symmetry_defect,linear_solver_iterations,linear_solver_relative_residual,mass_inf_per_volume,momentum_residual_inf,spectral_status,run_directory
pvfv_forward_studies_v1,A_controlled_refinement,bentheimer_crop,L0_frac0.0625,proposed,421,420,0,5.341716736247592e-05,0.4796878155174937,0.007308704903228473,8980.030937665577,"dense_eigvalsh_on_explicit_schur, with the velocity-block inverse applied by blocked_jacobi_preconditioned_cg_gpu_with_residual_replacement(true_rtol_target=1e-12)",2.220446049250313e-16,0,0.0,pressure_index_420_eliminated_then_centered,2.045706652636512e-15,0.0,3294,8.379160014813679e-16,3.771964678126258e-19,1.8041124150158794e-16,PASS,outputs/forward_studies/runs/stability_audit/A_controlled_refinement__bentheimer_crop__L0_frac0.0625__proposed
pvfv_forward_studies_v1,A_controlled_refinement,bentheimer_crop,L1_frac0.125,proposed,842,841,0,3.1431079391772214e-05,0.6226211278620652,0.005606342782221955,19809.091507848447,"dense_eigvalsh_on_explicit_schur, with the velocity-block inverse applied by blocked_jacobi_preconditioned_cg_gpu_with_residual_replacement(true_rtol_target=1e-12)",2.220446049250313e-16,0,0.0,pressure_index_841_eliminated_then_centered,,0.0,4607,1.5135861350868354e-15,3.331174827268958e-19,3.469446951953614e-16,PASS,outputs/forward_studies/runs/stability_audit/A_controlled_refinement__bentheimer_crop__L1_frac0.125__proposed
pvfv_forward_studies_v1,A_controlled_refinement,bentheimer_crop,L2_frac0.25,proposed,1685,1684,0,5.2035676574235316e-05,0.8672556784175579,0.007213575852116294,16666.559090094863,"dense_eigvalsh_on_explicit_schur, with the velocity-block inverse applied by blocked_jacobi_preconditioned_cg_gpu_with_residual_replacement(true_rtol_target=1e-12)",2.220446049250313e-16,0,0.0,pressure_index_1684_eliminated_then_centered,,0.0,6108,1.6520417647433725e-15,6.505213034913027e-19,4.440892098500626e-16,PASS,outputs/forward_studies/runs/stability_audit/A_controlled_refinement__bentheimer_crop__L2_frac0.25__proposed
pvfv_forward_studies_v1,A_controlled_refinement,bentheimer_crop,L3_frac0.5,proposed,3370,3369,0,3.2898482778063196e-05,1.2490746197973905,0.005735719900593403,37967.54483250143,"dense_eigvalsh_on_explicit_schur, with the velocity-block inverse applied by blocked_jacobi_preconditioned_cg_gpu_with_residual_replacement(true_rtol_target=1e-12)",2.220446049250313e-16,0,0.0,pressure_index_3369_eliminated_then_centered,4.556884997643914e-15,0.0,7813,2.7769317490937255e-15,8.673617379884035e-19,3.122502256758253e-16,PASS,outputs/forward_studies/runs/stability_audit/A_controlled_refinement__bentheimer_crop__L3_frac0.5__proposed
pvfv_forward_studies_v1,A_controlled_refinement,bentheimer_crop,L4_frac0.75,proposed,5054,5053,0,3.402739812344803e-05,1.2850251495888896,0.005833300791442872,37764.42574089696,"dense_eigvalsh_on_explicit_schur, with the velocity-block inverse applied by blocked_jacobi_preconditioned_cg_gpu_with_residual_replacement(true_rtol_target=1e-12)",2.220446049250313e-16,0,0.0,pressure_index_5053_eliminated_then_centered,,0.0,8470,3.20903430032929e-15,1.3010426069826053e-18,4.510281037539698e-16,PASS,outputs/forward_studies/runs/stability_audit/A_controlled_refinement__bentheimer_crop__L4_frac0.75__proposed
pvfv_forward_studies_v1,A_controlled_refinement,bentheimer_crop,L5_frac1,proposed,6739,6738,0,1.789247858416287e-05,1.2850251498735314,0.004229950186959992,71819.29232604716,"dense_eigvalsh_on_explicit_schur, with the velocity-block inverse applied by blocked_jacobi_preconditioned_cg_gpu_with_residual_replacement(true_rtol_target=1e-12)",2.220446049250313e-16,0,0.0,pressure_index_6738_eliminated_then_centered,5.855127249476246e-15,0.0,9222,3.5444042834238052e-15,5.338425150070228e-18,4.996003610813204e-16,PASS,outputs/forward_studies/runs/stability_audit/A_controlled_refinement__bentheimer_crop__L5_frac1__proposed
pvfv_forward_studies_v1,A_controlled_refinement,orthogonal_duct,L0_frac0.0625,proposed,309,308,0,0.0005698740956783799,0.4972479320665421,0.02387203585114558,872.5575277721944,"dense_eigvalsh_on_explicit_schur, with the velocity-block inverse applied by blocked_jacobi_preconditioned_cg_gpu_with_residual_replacement(true_rtol_target=1e-12)",2.220446049250313e-16,0,0.0,pressure_index_308_eliminated_then_centered,1.1874097823651675e-13,0.0,2262,5.093808289766506e-14,6.949551816986671e-17,1.5737411374061594e-14,PASS,outputs/forward_studies/runs/stability_audit/A_controlled_refinement__orthogonal_duct__L0_frac0.0625__proposed
pvfv_forward_studies_v1,A_controlled_refinement,orthogonal_duct,L1_frac0.125,proposed,617,616,0,0.00031076910746474784,0.6274634123664129,0.01762864451580858,2019.0662369411648,"dense_eigvalsh_on_explicit_schur, with the velocity-block inverse applied by blocked_jacobi_preconditioned_cg_gpu_with_residual_replacement(true_rtol_target=1e-12)",2.220446049250313e-16,0,0.0,pressure_index_616_eliminated_then_centered,,0.0,3155,5.6098430563348034e-14,6.71729043562563e-17,1.2212453270876722e-14,PASS,outputs/forward_studies/runs/stability_audit/A_controlled_refinement__orthogonal_duct__L1_frac0.125__proposed
pvfv_forward_studies_v1,A_controlled_refinement,orthogonal_duct,L2_frac0.25,proposed,1234,1233,0,0.0001799830187234619,0.6904082128014425,0.013415774995260688,3835.963068617226,"dense_eigvalsh_on_explicit_schur, with the velocity-block inverse applied by blocked_jacobi_preconditioned_cg_gpu_with_residual_replacement(true_rtol_target=1e-12)",2.220446049250313e-16,0,0.0,pressure_index_1233_eliminated_then_centered,,0.0,4542,5.020789770195119e-14,2.7372917555993896e-17,9.103828801926284e-15,PASS,outputs/forward_studies/runs/stability_audit/A_controlled_refinement__orthogonal_duct__L2_frac0.25__proposed
pvfv_forward_studies_v1,A_controlled_refinement,orthogonal_duct,L3_frac0.5,proposed,2469,2468,0,0.00011314404196860472,1.0656604634141758,0.010636918819310634,9418.617585801609,"dense_eigvalsh_on_explicit_schur, with the velocity-block inverse applied by blocked_jacobi_preconditioned_cg_gpu_with_residual_replacement(true_rtol_target=1e-12)",2.220446049250313e-16,0,0.0,pressure_index_2468_eliminated_then_centered,2.2901579726742366e-13,0.0,6080,4.8532588077511154e-14,1.5288033790965672e-16,5.5441762292218755e-15,PASS,outputs/forward_studies/runs/stability_audit/A_controlled_refinement__orthogonal_duct__L3_frac0.5__proposed
pvfv_forward_studies_v1,A_controlled_refinement,orthogonal_duct,L4_frac0.75,proposed,3703,3702,0,0.00011315894904273538,1.2311114127959362,0.010637619519551137,10879.48786384537,"dense_eigvalsh_on_explicit_schur, with the velocity-block inverse applied by blocked_jacobi_preconditioned_cg_gpu_with_residual_replacement(true_rtol_target=1e-12)",2.220446049250313e-16,0,0.0,pressure_index_3702_eliminated_then_centered,,0.0,6885,4.235414404318199e-14,1.0978618551055927e-16,6.9304957602199384e-15,PASS,outputs/forward_studies/runs/stability_audit/A_controlled_refinement__orthogonal_duct__L4_frac0.75__proposed
pvfv_forward_studies_v1,A_controlled_refinement,orthogonal_duct,L5_frac1,proposed,4937,4936,0,9.192337622310198e-05,1.2317891910481151,0.009587667924114914,13400.17351036487,"dense_eigvalsh_on_explicit_schur, with the velocity-block inverse applied by blocked_jacobi_preconditioned_cg_gpu_with_residual_replacement(true_rtol_target=1e-12)",2.220446049250313e-16,0,0.0,pressure_index_4936_eliminated_then_centered,1.7300267503585223e-13,0.0,7122,3.833333909362538e-14,8.416796990276532e-17,5.394240183889339e-15,PASS,outputs/forward_studies/runs/stability_audit/A_controlled_refinement__orthogonal_duct__L5_frac1__proposed
pvfv_forward_studies_v1,A_controlled_refinement,skewed_duct,L0_frac0.0625,proposed,329,328,0,0.0006775838520718391,0.4967760188180861,0.026030440873558772,733.1579955736853,"dense_eigvalsh_on_explicit_schur, with the velocity-block inverse applied by blocked_jacobi_preconditioned_cg_gpu_with_residual_replacement(true_rtol_target=1e-12)",2.220446049250313e-16,0,0.0,pressure_index_328_eliminated_then_centered,2.869454593068054e-15,0.0,2391,1.429028942555039e-14,1.3600554914660271e-17,4.649058915617843e-15,PASS,outputs/forward_studies/runs/stability_audit/A_controlled_refinement__skewed_duct__L0_frac0.0625__proposed
pvfv_forward_studies_v1,A_controlled_refinement,skewed_duct,L1_frac0.125,proposed,659,658,0,0.0002614890015454341,0.6196339648744553,0.016170621557176895,2369.63681536255,"dense_eigvalsh_on_explicit_schur, with the velocity-block inverse applied by blocked_jacobi_preconditioned_cg_gpu_with_residual_replacement(true_rtol_target=1e-12)",2.220446049250313e-16,0,0.0,pressure_index_658_eliminated_then_centered,,0.0,3407,1.325559653680947e-14,8.227682947675764e-18,1.932481952238163e-15,PASS,outputs/forward_studies/runs/stability_audit/A_controlled_refinement__skewed_duct__L1_frac0.125__proposed
pvfv_forward_studies_v1,A_controlled_refinement,skewed_duct,L2_frac0.25,proposed,1317,1316,0,0.00027178087668222606,0.7372694604511146,0.01648577801264551,2712.734867336347,"dense_eigvalsh_on_explicit_schur, with the velocity-block inverse applied by blocked_jacobi_preconditioned_cg_gpu_with_residual_replacement(true_rtol_target=1e-12)",2.220446049250313e-16,0,0.0,pressure_index_1316_eliminated_then_centered,,0.0,4565,1.3124473335395915e-14,6.5621827075774926e-18,3.039235529911366e-15,PASS,outputs/forward_studies/runs/stability_audit/A_controlled_refinement__skewed_duct__L2_frac0.25__proposed
pvfv_forward_studies_v1,A_controlled_refinement,skewed_duct,L3_frac0.5,proposed,2634,2633,0,0.00023025221440664545,1.0443792384267578,0.015174063872497883,4535.805404165596,"dense_eigvalsh_on_explicit_schur, with the velocity-block inverse applied by blocked_jacobi_preconditioned_cg_gpu_with_residual_replacement(true_rtol_target=1e-12)",2.220446049250313e-16,0,0.0,pressure_index_2633_eliminated_then_centered,1.8036301280006384e-15,0.0,5859,1.290865148560886e-14,8.326672684688674e-18,3.843802096488438e-15,PASS,outputs/forward_studies/runs/stability_audit/A_controlled_refinement__skewed_duct__L3_frac0.5__proposed
pvfv_forward_studies_v1,A_controlled_refinement,skewed_duct,L4_frac0.75,proposed,3951,3950,0,0.0002302690889839365,1.2741552690690345,0.015174619895863503,5533.33178452762,"dense_eigvalsh_on_explicit_schur, with the velocity-block inverse applied by blocked_jacobi_preconditioned_cg_gpu_with_residual_replacement(true_rtol_target=1e-12)",2.220446049250313e-16,0,0.0,pressure_index_3950_eliminated_then_centered,,0.0,6470,1.0902226661003986e-14,1.2576745200831851e-17,2.661669555792729e-15,PASS,outputs/forward_studies/runs/stability_audit/A_controlled_refinement__skewed_duct__L4_frac0.75__proposed
pvfv_forward_studies_v1,A_controlled_refinement,skewed_duct,L5_frac1,proposed,5268,5267,0,0.00010263276179656167,1.300187294874911,0.010130782881720528,12668.345585906945,"dense_eigvalsh_on_explicit_schur, with the velocity-block inverse applied by blocked_jacobi_preconditioned_cg_gpu_with_residual_replacement(true_rtol_target=1e-12)",2.220446049250313e-16,0,0.0,pressure_index_5267_eliminated_then_centered,1.0084449184385175e-15,0.0,7080,9.699451691898215e-15,1.805196617188365e-17,1.484350683766801e-15,PASS,outputs/forward_studies/runs/stability_audit/A_controlled_refinement__skewed_duct__L5_frac1__proposed
pvfv_forward_studies_v1,B_site_rule_comparison,bentheimer_crop,full,connected_block_agglomeration,8370,8369,0,1.350333653361247e-05,1.130275329321201,0.0036746886308383284,83703.4111167801,"dense_eigvalsh_on_explicit_schur, with the velocity-block inverse applied by blocked_jacobi_preconditioned_cg_gpu_with_residual_replacement(true_rtol_target=1e-12)",2.220446049250313e-16,0,0.0,pressure_index_8369_eliminated_then_centered,,0.0,6165,4.8102890273800775e-15,2.295353407940747e-18,1.7867651802561113e-16,PASS,outputs/forward_studies/runs/stability_audit/B_site_rule_comparison__bentheimer_crop__full__connected_block_agglomeration
pvfv_forward_studies_v1,B_site_rule_comparison,bentheimer_crop,full,euclidean_partition_with_deterministic_connectivity_repair,6739,6738,0,3.0812113238871285e-05,1.3127823062811927,0.005550865989993929,42606.0457490803,"dense_eigvalsh_on_explicit_schur, with the velocity-block inverse applied by blocked_jacobi_preconditioned_cg_gpu_with_residual_replacement(true_rtol_target=1e-12)",2.220446049250313e-16,0,0.0,pressure_index_6738_eliminated_then_centered,,0.0,8183,2.201079156998891e-15,1.0842021724855044e-18,3.885780586188048e-16,PASS,outputs/forward_studies/runs/stability_audit/B_site_rule_comparison__bentheimer_crop__full__euclidean_partition_with_deterministic_connectivity_repair
pvfv_forward_studies_v1,B_site_rule_comparison,bentheimer_crop,full,mask_graph_fps,2350,2349,0,5.0161670906491146e-06,0.6938623929051679,0.002239680131324363,138325.21532199977,"dense_eigvalsh_on_explicit_schur, with the velocity-block inverse applied by blocked_jacobi_preconditioned_cg_gpu_with_residual_replacement(true_rtol_target=1e-12)",2.220446049250313e-16,0,0.0,pressure_index_2349_eliminated_then_centered,,0.0,6863,2.0322859823999e-15,5.782411586589357e-19,1.4224732503009818e-16,PASS,outputs/forward_studies/runs/stability_audit/B_site_rule_comparison__bentheimer_crop__full__mask_graph_fps
pvfv_forward_studies_v1,B_site_rule_comparison,bentheimer_crop,half,connected_block_agglomeration,3417,3416,0,2.734470686783667e-06,0.8570744827279045,0.0016536235021260635,313433.4139584472,"dense_eigvalsh_on_explicit_schur, with the velocity-block inverse applied by blocked_jacobi_preconditioned_cg_gpu_with_residual_replacement(true_rtol_target=1e-12)",2.220446049250313e-16,0,0.0,pressure_index_3416_eliminated_then_centered,,0.0,5221,2.735430269523493e-15,8.393500407891856e-19,4.0245584642661925e-16,PASS,outputs/forward_studies/runs/stability_audit/B_site_rule_comparison__bentheimer_crop__half__connected_block_agglomeration
pvfv_forward_studies_v1,B_site_rule_comparison,bentheimer_crop,half,mask_graph_fps,393,392,0,8.654490600847086e-06,0.44038261919412997,0.00294185155996136,50884.86885074739,"dense_eigvalsh_on_explicit_schur, with the velocity-block inverse applied by blocked_jacobi_preconditioned_cg_gpu_with_residual_replacement(true_rtol_target=1e-12)",2.220446049250313e-16,0,0.0,pressure_index_392_eliminated_then_centered,,0.0,3282,1.2824174386547353e-15,1.2447754183435697e-18,1.8041124150158794e-16,PASS,outputs/forward_studies/runs/stability_audit/B_site_rule_comparison__bentheimer_crop__half__mask_graph_fps
pvfv_forward_studies_v1,B_site_rule_comparison,skewed_duct,full,connected_block_agglomeration,7070,7069,0,1.549183072868665e-05,1.1397198489624125,0.003935966301772241,73569.08740630388,"dense_eigvalsh_on_explicit_schur, with the velocity-block inverse applied by blocked_jacobi_preconditioned_cg_gpu_with_residual_replacement(true_rtol_target=1e-12)",2.220446049250313e-16,0,0.0,pressure_index_7069_eliminated_then_centered,,0.0,4356,6.49876586298801e-15,1.8865117801247777e-17,8.604228440844963e-16,PASS,outputs/forward_studies/runs/stability_audit/B_site_rule_comparison__skewed_duct__full__connected_block_agglomeration
pvfv_forward_studies_v1,B_site_rule_comparison,skewed_duct,full,euclidean_partition_with_deterministic_connectivity_repair,5268,5267,0,0.00017628522802959345,1.3117531714593649,0.013277244745412862,7441.083896372516,"dense_eigvalsh_on_explicit_schur, with the velocity-block inverse applied by blocked_jacobi_preconditioned_cg_gpu_with_residual_replacement(true_rtol_target=1e-12)",2.220446049250313e-16,0,0.0,pressure_index_5267_eliminated_then_centered,,0.0,6242,8.861027197354715e-15,1.1437795861257336e-17,1.547373340571312e-15,PASS,outputs/forward_studies/runs/stability_audit/B_site_rule_comparison__skewed_duct__full__euclidean_partition_with_deterministic_connectivity_repair
pvfv_forward_studies_v1,B_site_rule_comparison,skewed_duct,full,mask_graph_fps,1621,1620,0,8.647861354171837e-05,0.6766592350672587,0.009299387804673938,7824.584684638008,"dense_eigvalsh_on_explicit_schur, with the velocity-block inverse applied by blocked_jacobi_preconditioned_cg_gpu_with_residual_replacement(true_rtol_target=1e-12)",2.220446049250313e-16,0,0.0,pressure_index_1620_eliminated_then_centered,,0.0,4292,1.9662643878043933e-14,7.375360570150178e-17,2.104219576359867e-15,PASS,outputs/forward_studies/runs/stability_audit/B_site_rule_comparison__skewed_duct__full__mask_graph_fps
pvfv_forward_studies_v1,B_site_rule_comparison,skewed_duct,half,connected_block_agglomeration,2806,2805,0,8.678144669715948e-05,0.9227800714565433,0.009315655999292776,10633.379674768059,"dense_eigvalsh_on_explicit_schur, with the velocity-block inverse applied by blocked_jacobi_preconditioned_cg_gpu_with_residual_replacement(true_rtol_target=1e-12)",2.220446049250313e-16,0,0.0,pressure_index_2805_eliminated_then_centered,,0.0,2882,4.565289967654655e-15,8.40256683676266e-18,7.4593109467002705e-16,PASS,outputs/forward_studies/runs/stability_audit/B_site_rule_comparison__skewed_duct__half__connected_block_agglomeration
pvfv_forward_studies_v1,B_site_rule_comparison,skewed_duct,half,mask_graph_fps,288,287,0,0.0005673418007946518,0.48111727589617953,0.023818937860338184,848.0201445095335,"dense_eigvalsh_on_explicit_schur, with the velocity-block inverse applied by blocked_jacobi_preconditioned_cg_gpu_with_residual_replacement(true_rtol_target=1e-12)",2.220446049250313e-16,0,0.0,pressure_index_287_eliminated_then_centered,,0.0,2142,1.487110333028883e-14,8.290510618381049e-18,5.9119376061289586e-15,PASS,outputs/forward_studies/runs/stability_audit/B_site_rule_comparison__skewed_duct__half__mask_graph_fps
