case,sites,scale,shape,certified_percent,full_ms,roi_ms,paired_ratio,ci_low,ci_high
thin_wall,200,1,24x24x64,96.94563743218806,0.38373004645109177,0.19804202020168304,1.9418674869317432,1.927696583920804,1.9559772502262454
thin_wall,200,2,48x48x128,96.89901672694394,0.6769620813429356,0.3141332417726517,2.1539393195621144,2.1398957131731655,2.167320602326153
thin_wall,800,1,24x24x64,99.27102169981917,0.3058570437133312,0.19140169024467468,1.5968864171669936,1.5820027066863838,1.6162703054567167
thin_wall,800,2,48x48x128,99.05875621609404,0.5306857638061047,0.2582790330052376,2.0596097363541728,2.0422934646427406,2.0634211214009817
maze,200,1,24x24x64,96.97124094202898,0.38914475589990616,0.18566660583019257,2.0938526477939456,2.076363268812857,2.122062926146378
maze,200,2,48x48x128,96.88136888586956,0.6801900453865528,0.23765675723552704,2.857266513738164,2.829796529282465,2.8729064543488487
maze,800,1,24x24x64,99.19610507246377,0.3043469041585922,0.17346767708659172,1.7467706833266563,1.7270114405229038,1.75830516126605
maze,800,2,48x48x128,99.07191179800725,0.5108080804347992,0.2096043899655342,2.418472274453867,2.400571120305311,2.444996285115697
bentheimer_crop,200,1,16x96x96,99.65391450752969,0.4449179396033287,0.18253223970532417,2.409711407029096,2.3898485316846987,2.439079265737053
bentheimer_crop,200,2,32x192x192,99.68519081470396,0.8090604096651077,0.31982269138097763,2.5211645662100457,2.5036181266906365,2.5590531532372927
bentheimer_crop,800,1,16x96x96,99.92750911982041,0.3089560195803642,0.17571868374943733,1.7539987482868167,1.7329324456534707,1.7640137582552124
bentheimer_crop,800,2,32x192x192,99.91143251332898,0.5580722354352474,0.29378337785601616,1.893064140953311,1.878229048309368,1.9078064560837629
berea_heldout_64,200,1,64x64x64,98.12767789016493,0.5106418393552303,0.19431672990322113,2.6002668046858486,2.5815559633027525,2.631953993951339
berea_heldout_64,200,2,128x128x128,98.1093361767065,0.96893310546875,0.3905599005520344,2.48497158232561,2.471072846185683,2.4936006980617185
berea_heldout_64,800,1,64x64x64,99.56958112417584,0.3389716148376465,0.18623890355229378,1.8154282865485771,1.8013727699435633,1.833752292099059
berea_heldout_64,800,2,128x128x128,99.57862970281533,0.6379163824021816,0.31887972727417946,2.008845795121205,1.9895583709195097,2.018256124339329
