N_cv,aggregate_unsigned_throughput_max,case,eta_m_aggregate_upper_bound,level_label,mass_inf_absolute,mass_inf_per_volume_archived,protocol_id
200,0.10096493964575548,bentheimer_crop,3.2824276635582493e-16,M0_n200,3.3141011094271755e-17,1.2268331528116176e-18,pvfv_mass_backward_error
400,0.09079336103996052,bentheimer_crop,3.866782900827329e-16,M1_n400,3.510782159779624e-17,2.5077015426997314e-18,pvfv_mass_backward_error
800,0.0782767964633994,bentheimer_crop,1.1080700503551668e-16,M2_n800,8.673617379884035e-18,3.0536294027934717e-19,pvfv_mass_backward_error
1600,0.06368244661999774,bentheimer_crop,8.853069560229788e-17,M3_n1600,5.637851296924623e-18,4.28768834179544e-19,pvfv_mass_backward_error
3200,0.07146879629018617,bentheimer_crop,8.495360886262089e-17,M4_n3200,6.071532165918825e-18,1.4203048459560108e-18,pvfv_mass_backward_error
6400,0.056776573826300566,bentheimer_crop,7.638376882708382e-17,M5_n6400,4.336808689942018e-18,8.131516293641283e-19,pvfv_mass_backward_error
200,9.194556895133084,orthogonal_duct,2.414957104051041e-16,M0_n200,2.220446049250313e-15,1.9015853814312298e-17,pvfv_mass_backward_error
400,6.607147923617177,orthogonal_duct,1.5963194491587552e-16,M1_n400,1.0547118733938987e-15,2.6406882588351556e-17,pvfv_mass_backward_error
800,4.196292433719802,orthogonal_duct,6.482023007916178e-16,M2_n800,2.7200464103316335e-15,1.2926005071198106e-16,pvfv_mass_backward_error
1600,2.888236308473296,orthogonal_duct,6.877063258869452e-16,M3_n1600,1.986258379993444e-15,1.5278493614498613e-16,pvfv_mass_backward_error
3200,1.845759703337278,orthogonal_duct,3.7264756456714023e-16,M4_n3200,6.87817858224804e-16,9.834488134566729e-17,pvfv_mass_backward_error
6400,1.6433337558147993,orthogonal_duct,1.0978368871400454e-16,M5_n6400,1.8041124150158794e-16,4.904894023527321e-17,pvfv_mass_backward_error
200,4.521749320278917,skewed_duct,3.253236415614561e-16,M0_n200,1.4710319551011763e-15,1.671948162952543e-17,pvfv_mass_backward_error
400,4.069950172553071,skewed_duct,2.0437594355340536e-16,M1_n400,8.31799906730879e-16,1.1556985534163883e-17,pvfv_mass_backward_error
800,2.1254268860208674,skewed_duct,3.572812626975453e-16,M2_n800,7.593752016088473e-16,2.1000533755965805e-17,pvfv_mass_backward_error
1600,2.257252193683879,skewed_duct,1.0457755613880049e-16,M3_n1600,2.3605791800440645e-16,2.3544127801880532e-17,pvfv_mass_backward_error
3200,1.3431384125419144,skewed_duct,2.2149993876430687e-16,M4_n3200,2.975050761300224e-16,3.3066283965369545e-17,pvfv_mass_backward_error
6400,1.3914265842921882,skewed_duct,1.9592543586953268e-16,M5_n6400,2.7261586000790206e-16,3.9014821569360075e-17,pvfv_mass_backward_error
