protocol_id,case,level_label,N_cv,pore_voxels,e_u_vs_reference_percent,e_u_vs_finest_level_percent,finest_level_vs_reference_percent,reference_steady_converged,reference_steady_momentum_inf,reference_steps_completed
pvfv_self_convergence,bentheimer_crop,M0_n200,200,42764,20.673846867583457,18.472917404617,6.443301271565241,False,3.18350082089689e-05,900
pvfv_self_convergence,bentheimer_crop,M1_n400,400,42764,17.860229719836074,16.33344104860412,6.971835101460417,False,3.18350082089689e-05,900
pvfv_self_convergence,bentheimer_crop,M2_n800,800,42764,14.099683279887637,12.094054117801612,7.378792056859221,False,3.18350082089689e-05,900
pvfv_self_convergence,bentheimer_crop,M3_n1600,1600,42764,11.688766195520856,8.781080364967218,7.821044242992701,False,3.18350082089689e-05,900
pvfv_self_convergence,bentheimer_crop,M4_n3200,3200,42764,10.53645949741925,7.944972291283326,8.847020016933376,False,3.18350082089689e-05,900
pvfv_self_convergence,bentheimer_crop,M5_n6400,6400,42764,10.254241997142818,1.1910865200890061e-14,10.254241997142818,False,3.18350082089689e-05,900
pvfv_self_convergence,orthogonal_duct,M0_n200,200,36864,22.55569592311194,22.00971000638861,0.43247768636675443,True,1.0349717430753846e-09,400
pvfv_self_convergence,orthogonal_duct,M1_n400,400,36864,12.44516550007182,11.855306778290073,0.43606331117341324,True,1.0349717430753846e-09,400
pvfv_self_convergence,orthogonal_duct,M2_n800,800,36864,5.760353478539774,5.4648693424463035,0.44348865391996334,True,1.0349717430753846e-09,400
pvfv_self_convergence,orthogonal_duct,M3_n1600,1600,36864,2.6460936035848177,2.9896763794422174,0.45600392792388256,True,1.0349717430753846e-09,400
pvfv_self_convergence,orthogonal_duct,M4_n3200,3200,36864,1.1501044123523567,1.9188589557993347,0.47504815568361336,True,1.0349717430753846e-09,400
pvfv_self_convergence,orthogonal_duct,M5_n6400,6400,36864,0.4932625104007322,1.334892620391095e-14,0.49326251040073227,True,1.0349717430753846e-09,400
pvfv_self_convergence,skewed_duct,M0_n200,200,36369,22.97509795989444,22.465140508642026,8.51211474434746,False,1.9493580994865704e-05,900
pvfv_self_convergence,skewed_duct,M1_n400,400,36369,20.084951011230032,20.80746223326811,8.47550304455281,False,1.9493580994865704e-05,900
pvfv_self_convergence,skewed_duct,M2_n800,800,36369,10.256287236163578,9.669707334230807,8.415696406839496,False,1.9493580994865704e-05,900
pvfv_self_convergence,skewed_duct,M3_n1600,1600,36369,7.535972152758698,6.018893048605792,8.444963586996721,False,1.9493580994865704e-05,900
pvfv_self_convergence,skewed_duct,M4_n3200,3200,36369,7.557797563273401,2.530773869676768,8.510384548855813,False,1.9493580994865704e-05,900
pvfv_self_convergence,skewed_duct,M5_n6400,6400,36369,8.591141591717951,1.3382490393984313e-14,8.591141591717951,False,1.9493580994865704e-05,900
