N_cv,backflow_volume_fraction_percent,backflow_volume_fraction_reference_percent,case,e_u_percent,h_S_over_h,level_label,method_mean_u_x,protocol_id,q10_method,q10_reference,q25_method,q25_reference,q50_method,q50_reference,q75_method,q75_reference,q90_method,q90_reference,q99_method,q99_reference,reference_mean_u_x,w1_over_mean
200,0.0,0.0,orthogonal_duct,22.555695923111937,8.0,M0_n200,0.03126045851905182,pvfv_velocity_distribution,0.012164265424571838,0.01644783210348124,0.016731639347387955,0.02221309625734892,0.028827196077858306,0.03870431722190434,0.04491762941558197,0.05834758284949613,0.05689686245893111,0.07147263917525358,0.06524531014994495,0.08072254543122821,0.04075655278677862,0.23278925846474172
400,0.0,0.0,orthogonal_duct,12.445165500071822,6.0,M1_n400,0.0353745063912659,pvfv_velocity_distribution,0.011828561022974991,0.014224423534446072,0.016888108767233605,0.020358236794855593,0.03286108522283734,0.03902186515041398,0.05306763709176047,0.06012140797434109,0.06601020986539596,0.07357266471691766,0.07434207763334136,0.0818058769853876,0.040756552786778616,0.13204560593876036
800,0.0,0.0,orthogonal_duct,5.760353478539773,5.0,M2_n800,0.038209238903964535,pvfv_velocity_distribution,0.011427891775786077,0.012636416189697259,0.016589419399431662,0.01845715584932064,0.03632648471274494,0.03958115885977992,0.05781965116381691,0.06102429716050658,0.0709620099269859,0.0738613331925725,0.08031973280750337,0.08279662304871449,0.040756552786778616,0.06250220317747125
1600,0.0,0.0,orthogonal_duct,2.6460936035848177,4.0,M3_n1600,0.039572256182781124,pvfv_velocity_distribution,0.010437185250062098,0.010930999616961055,0.017186626644165773,0.018281545018747482,0.03757381997229879,0.03917910976458672,0.05980135980261718,0.061178418589703194,0.07366385630318693,0.07497158047073299,0.08247795358452562,0.08322239679977493,0.040756552786778616,0.02905838958384412
3200,0.0,0.0,orthogonal_duct,1.150104412352357,3.0,M4_n3200,0.040311785084867165,pvfv_velocity_distribution,0.009742954526115505,0.010025503266449489,0.018160287865765127,0.018751324112195548,0.0384268276896654,0.03933569897050044,0.06156642549571954,0.06188809661131511,0.07506521536531376,0.07526719869011535,0.08353873781700154,0.08358508540119244,0.040756552786778616,0.01089909568185134
6400,0.0,0.0,orthogonal_duct,0.4932625104007322,2.0,M5_n6400,0.040652393852330056,pvfv_velocity_distribution,0.00926776488833915,0.009387704984518224,0.018493482118035375,0.0187829484718126,0.03949436816455215,0.03973776432923042,0.06182731766386523,0.06184662673489609,0.07539866642916505,0.07533582749859274,0.0836717738796264,0.08361351211680183,0.040756552786778616,0.0029603519984716135
200,0.8331271137507217,0.5196733481811433,skewed_duct,22.97509795989444,8.0,M0_n200,0.007922366727899503,pvfv_velocity_distribution,0.001466417259233493,0.0013937235124552884,0.0034616360097888613,0.0035981653831557887,0.006721815073728879,0.006893860609727356,0.012097555573671544,0.012307612138593651,0.014656371218478681,0.014779320819246175,0.0260332631143096,0.034967820129539105,0.00822833028939068,0.06073227030162712
400,1.8229811102862328,0.5389205092248893,skewed_duct,20.08495101123004,6.0,M1_n400,0.007505114955125309,pvfv_velocity_distribution,0.001144905059472465,0.001160438855094999,0.00294772898111246,0.003199240631028167,0.005931653581038527,0.006707391908811054,0.011278521024973186,0.011868793858613379,0.014697889057088015,0.015546332929161986,0.026523205942988202,0.0341646134333282,0.008228330289390682,0.08866865178784519
800,1.7322444939371442,1.0613434518408535,skewed_duct,10.25628723616358,5.0,M2_n800,0.008292225534837737,pvfv_velocity_distribution,0.0010306896289113097,0.0009473373929128596,0.002900664430952042,0.002815686436744398,0.006612055620068884,0.006365491115547403,0.012153242111115454,0.011838290684034889,0.0164504687922235,0.01596655470701314,0.03710170970626081,0.04018807478398544,0.008228330289390679,0.03509071737941265
1600,2.144683659160274,1.515026533586296,skewed_duct,7.535972152758699,4.0,M3_n1600,0.008544930078095708,pvfv_velocity_distribution,0.0010005885176561213,0.0008972613179399034,0.0025814376550883874,0.0024843676817121155,0.006960421909518853,0.006611486392287271,0.012809494199793076,0.012214682758046127,0.016848348674227954,0.016024216573743845,0.039506773050082225,0.040103458823516944,0.00822833028939068,0.049220782007209585
3200,1.4407874838461328,1.9137177266353211,skewed_duct,7.557797563273402,3.0,M4_n3200,0.008879362962703249,pvfv_velocity_distribution,0.0009228973462564876,0.0008352008384808117,0.0024900081973473222,0.002311985578843947,0.007141959972928181,0.006546408147030742,0.013213349710068874,0.012147277235269205,0.017432696676796665,0.016053555393625043,0.04398596589715501,0.04154643413568366,0.00822833028939068,0.07949333971223714
6400,1.3445516786274025,2.339904864032555,skewed_duct,8.59114159171795,2.0,M5_n6400,0.00899829335667637,pvfv_velocity_distribution,0.0008443848370305768,0.000725188347360691,0.002416504433714079,0.002183705801954414,0.007227160096616361,0.006507424187248811,0.013475167020079797,0.012267831960283125,0.0176267512957906,0.016093278410124198,0.04432412988778828,0.04159386570313204,0.00822833028939068,0.09384055261093695
200,4.5178187260312415,10.11832382377701,bentheimer_crop,20.67384686758346,10.0,M0_n200,0.00011232154396084712,pvfv_velocity_distribution,2.029196608130271e-06,-2.680958881403535e-08,1.3473494772082208e-05,4.698941206121043e-06,9.201230888976262e-05,7.012910466899819e-05,0.00018944689676463734,0.00018369024766015784,0.0002650141399405093,0.00025187728639825474,0.00043984714129959886,0.0004805093756303547,0.00010451415338005304,0.12260198272844677
400,9.021606959124497,10.76372649892433,bentheimer_crop,17.86022971983607,7.0,M1_n400,0.00010368265117508988,pvfv_velocity_distribution,6.433791586748502e-08,-4.5245202508604726e-07,8.379795523601675e-06,6.157809322795167e-06,7.432203056346284e-05,7.3424518745126e-05,0.00017672201600455728,0.00017684077704251908,0.00025542300278842445,0.00026359972662811737,0.0004210500072176749,0.00047373484856762287,0.00010451415338005304,0.06378989604912226
800,10.434009914881676,11.287531568609111,bentheimer_crop,14.099683279887634,5.0,M2_n800,0.00010252291164803864,pvfv_velocity_distribution,-9.68566697928741e-09,-4.331764417965372e-07,4.8107226703215394e-06,4.473277839841051e-06,6.703609351974658e-05,7.012776478548803e-05,0.00017156704737705288,0.0001674785806371097,0.0002742998029856754,0.0002876248951833178,0.0004559183142737082,0.0004687657681202507,0.00010451415338005304,0.04973148346797635
1600,10.277336077074175,10.69825086521373,bentheimer_crop,11.688766195520856,4.0,M3_n1600,0.00010601210330726063,pvfv_velocity_distribution,-1.7619728478280136e-08,-1.3214950127642287e-07,4.198619109702509e-06,5.046668439761915e-06,6.641109370659141e-05,6.520582668926218e-05,0.00017867764001099483,0.00017291781912706473,0.00030020100292121594,0.0002872276682613492,0.0004930183715939998,0.000517588470521008,0.00010451415338005304,0.033653048871875924
3200,10.667851463848097,11.872135441025161,bentheimer_crop,10.53645949741925,3.0,M4_n3200,0.00010528038585167161,pvfv_velocity_distribution,-4.6811784413928405e-08,-3.7786215104802136e-07,3.880420355246206e-06,4.256544897221817e-06,6.251779694484487e-05,6.248117097065375e-05,0.00017556667808362372,0.00017356245622691537,0.00029628486946431187,0.00028764419207393574,0.0005435566789351439,0.0005701643395181814,0.00010451415338005304,0.023360256761442464
6400,10.810494808717614,12.272004489757741,bentheimer_crop,10.25424199714282,2.0,M5_n6400,0.00011013097241213065,pvfv_velocity_distribution,-2.5163502968395622e-08,-5.343495561231254e-07,3.9908100180644004e-06,3.7229554058618947e-06,6.173384844804881e-05,6.003957462838792e-05,0.00018429634708113347,0.0001747526561945436,0.0003123857324014994,0.0002940543395994616,0.0006087563480462702,0.000586250526215509,0.00010451415338005304,0.055553014862160445
