N,m,delta_u,delta_p,delta_phi,delta_M,delta_bf
16,4,3.9541069610322722e-16,4.53643469263484e-16,3.450276468958445e-16,5.296173639171332e-15,2.4776272656551183e-15
24,6,3.1445835996423e-16,3.8926764807956003e-16,2.085130217975374e-16,1.1838317336309753e-14,3.654700622493399e-15
32,8,3.010159100079535e-16,2.0613344552477895e-16,2.0121951313722417e-16,1.9930690714953283e-14,4.041785342954512e-15
48,4,3.007145562479275e-16,3.0094028181790004e-16,1.8422154648012833e-16,5.711583907257434e-15,2.0873417362075277e-15
48,6,2.658710189021939e-16,2.9608889244014103e-16,1.929914601899242e-16,1.1825706894848618e-14,3.0087412259134984e-15
48,8,2.9209814590689737e-16,2.8029770836535523e-16,1.9762157763289536e-16,2.3060233405746426e-14,4.0566235782249e-15
48,12,2.998844451882367e-16,3.2892264622273755e-16,1.919995323376033e-16,4.620566597079209e-14,5.8201205985195135e-15
48,16,3.0750974880129414e-16,3.002269709392653e-16,1.9437488649072105e-16,8.837365803857194e-14,7.220187832091231e-15
48,24,3.2910630377585133e-16,3.329612538759905e-16,2.084545909218417e-16,2.3634076860969834e-13,1.2761538422353457e-14
64,16,3.0946295476092945e-16,3.221854071891918e-16,1.9437364074531507e-16,8.286206382563557e-14,7.543373288836249e-15
