K_flux,K_method_flux,K_reference_flux,K_reference_stored,K_stored,K_velocity,N_cv,case,cells,definition_offset_percent,e_K_as_reported_percent,e_K_consistent_percent,kind,level_label,protocol_id,shift_percentage_points,stored_equals_velocity_functional
20.378276393389555,,,,20.378276393389307,20.37827639338942,,orthogonal_duct,36864,1.2203679679048315e-12,,,reference,,pvfv_permeability_readout,,True
4.1117573878866125,,,,4.11416514469534,4.114165144695329,,skewed_duct,36369,0.05852358191872754,,,reference,,pvfv_permeability_readout,,True
0.051803399647057415,,,,0.05225707669002652,0.052257076690025966,,bentheimer_crop,42764,0.8681638386704726,,,reference,,pvfv_permeability_readout,,True
0.10723801641393184,,,,0.11155998638366989,0.11155998638366928,,berea_heldout_64,51113,3.874121994667702,,,reference,,pvfv_permeability_readout,,True
7.929308850670434,,,,7.929508571134987,7.929508571135036,,A_thin_wall,35392,0.0025186991446017565,,,reference,,pvfv_permeability_readout,,True
1.9073206630585802,,,,1.908398990239913,1.908398990239911,,B_narrow_throat,36337,0.056504283792209856,,,reference,,pvfv_permeability_readout,,True
1.00980860233488,,,,1.0113186496784736,1.0113186496784703,,C_maze,35328,0.1493146936500873,,,reference,,pvfv_permeability_readout,,True
,0.05616077198042356,0.051803399647057415,0.05225707669002652,,,200,bentheimer_crop,,,7.4701754052424345,8.411363661561653,run,M0_n200,pvfv_permeability_readout,0.9411882563192187,
,0.05184132558754488,0.051803399647057415,0.05225707669002652,,,400,bentheimer_crop,,,0.7955881362207694,0.07321129645131531,run,M1_n400,pvfv_permeability_readout,-0.7223768397694541,
,0.05126145582401944,0.051803399647057415,0.05225707669002652,,,800,bentheimer_crop,,,1.9052364369955266,1.04615493718617,run,M2_n800,pvfv_permeability_readout,-0.8590814998093566,
,0.05300605165363036,0.051803399647057415,0.05225707669002652,,,1600,bentheimer_crop,,,1.4332507883028598,2.3215696552094074,run,M3_n1600,pvfv_permeability_readout,0.8883188669065476,
,0.05264019292583599,0.051803399647057415,0.05225707669002652,,,3200,bentheimer_crop,,,0.7331375195018981,1.6153250259244412,run,M4_n3200,pvfv_permeability_readout,0.8821875064225431,
,0.05506548620606559,0.051803399647057415,0.05225707669002652,,,6400,bentheimer_crop,,,5.37421856315791,6.29705112257719,run,M5_n6400,pvfv_permeability_readout,0.9228325594192803,
,15.630229259525906,20.378276393389555,20.378276393389307,,,200,orthogonal_duct,,,23.29955214172903,23.29955214172997,run,M0_n200,pvfv_permeability_readout,9.379164112033322e-13,
,17.687253195632955,20.378276393389555,20.378276393389307,,,400,orthogonal_duct,,,13.205352336026401,13.205352336027461,run,M1_n400,pvfv_permeability_readout,1.0604850331219495e-12,
,19.104619451982295,20.378276393389555,20.378276393389307,,,800,orthogonal_duct,,,6.2500719728199625,6.2500719728211065,run,M2_n800,pvfv_permeability_readout,1.1439738045737613e-12,
,19.78612809139045,20.378276393389555,20.378276393389307,,,1600,orthogonal_duct,,,2.9057820718878373,2.905782071889022,run,M3_n1600,pvfv_permeability_readout,1.184830011879967e-12,
,20.155892542433502,20.378276393389555,20.378276393389307,,,3200,orthogonal_duct,,,1.0912790005534785,1.0912790005546855,run,M4_n3200,pvfv_permeability_readout,1.2070344723724702e-12,
,20.326196926164975,20.378276393389555,20.378276393389307,,,6400,orthogonal_duct,,,0.25556365130676967,0.2555636513079869,run,M5_n6400,pvfv_permeability_readout,1.2172485241990216e-12,
,3.9611833639497505,4.1117573878866125,4.11416514469534,,,200,skewed_duct,,,3.7184161394891713,3.662035712040273,run,M0_n200,pvfv_permeability_readout,-0.056380427448898374,
,3.752557477562659,4.1117573878866125,4.11416514469534,,,400,skewed_duct,,,8.789332815162393,8.735921807599093,run,M1_n400,pvfv_permeability_readout,-0.05341100756329986,
,4.146112767418868,4.1117573878866125,4.11416514469534,,,800,skewed_duct,,,0.7765274751967534,0.8355400450782261,run,M2_n800,pvfv_permeability_readout,0.05901256988147274,
,4.272465039047847,4.1117573878866125,4.11416514469534,,,1600,skewed_duct,,,3.847679633293609,3.908490603912703,run,M3_n1600,pvfv_permeability_readout,0.06081097061909402,
,4.43968148135161,4.1117573878866125,4.11416514469534,,,3200,skewed_duct,,,7.9120872694179445,7.975278269848172,run,M4_n3200,pvfv_permeability_readout,0.06319100043022718,
,4.499146678338171,4.1117573878866125,4.11416514469534,,,6400,skewed_duct,,,9.357464275327224,9.421501657486445,run,M5_n6400,pvfv_permeability_readout,0.06403738215922061,
