A_diag_min,N_cv,N_system,beta_h,case,e_u_percent,gauge_choice,h_S_over_h,kkt_symmetry_defect,level_label,pressure_dimension_after_gauge,pressure_dimension_before_gauge,protocol_id,q_S_over_h,rank_defect_estimate_after_gauge,schur_condition_proxy,schur_lambda_max,schur_lambda_min_positive,spectral_method,spectral_residual_max,spectral_status,spectral_tolerance,wall_seconds
3.9515110612053483,200,53209,0.0038888275313071394,bentheimer_crop,20.67384686758346,pressure_index_199_eliminated_then_centered,10.0,0.0,M0_n200,199,200,pvfv_stability_along_refinement,5.0,0,22490.88814275659,0.3401292418547577,1.5122979568252381e-05,"dense_eigvalsh_on_explicit_schur, with the velocity-block inverse applied by splu(COLAMD)",0.0,PASS,2.220446049250313e-16,579.2835534999613
3.8919122174815777,400,77241,0.0029404658506539064,bentheimer_crop,17.86022971983607,pressure_index_399_eliminated_then_centered,7.0,0.0,M1_n400,399,400,pvfv_stability_along_refinement,3.5,0,51058.13756662536,0.4414659874959815,8.646339418861803e-06,"dense_eigvalsh_on_explicit_schur, with the velocity-block inverse applied by blocked_jacobi_preconditioned_cg_gpu_with_residual_replacement(true_rtol_target=1e-12)",0.0,PASS,2.220446049250313e-16,346.8600675999187
3.8178605010868667,800,109990,0.0020543352696364933,bentheimer_crop,14.099683279887634,pressure_index_799_eliminated_then_centered,5.0,0.0,M2_n800,799,800,pvfv_stability_along_refinement,2.5,0,122324.8862524108,0.5162469101156616,4.220293400072443e-06,"dense_eigvalsh_on_explicit_schur, with the velocity-block inverse applied by blocked_jacobi_preconditioned_cg_gpu_with_residual_replacement(true_rtol_target=1e-12)",0.0,PASS,2.220446049250313e-16,353.4085604001302
3.65466392318244,1600,146172,0.00206017968331558,bentheimer_crop,11.688766195520856,pressure_index_1599_eliminated_then_centered,4.0,0.0,M3_n1600,1599,1600,pvfv_stability_along_refinement,2.0,0,153897.0661613179,0.6531915241995401,4.244340327546283e-06,"dense_eigvalsh_on_explicit_schur, with the velocity-block inverse applied by blocked_jacobi_preconditioned_cg_gpu_with_residual_replacement(true_rtol_target=1e-12)",0.0,PASS,2.220446049250313e-16,638.9073350001127
3.924166646347144,200,65767,0.031992251704806705,orthogonal_duct,22.555695923111937,pressure_index_199_eliminated_then_centered,8.0,0.0,M0_n200,199,200,pvfv_stability_along_refinement,4.0,0,439.03544152890885,0.4493546048066866,0.0010235041691437075,"dense_eigvalsh_on_explicit_schur, with the velocity-block inverse applied by blocked_jacobi_preconditioned_cg_gpu_with_residual_replacement(true_rtol_target=1e-12)",0.0,PASS,2.220446049250313e-16,434.05344599997625
3.8676424781555996,400,90534,0.014889133628310802,orthogonal_duct,12.445165500071822,pressure_index_399_eliminated_then_centered,6.0,0.0,M1_n400,399,400,pvfv_stability_along_refinement,3.0,0,2306.6079939020533,0.5113433921838013,0.00022168630020169555,"dense_eigvalsh_on_explicit_schur, with the velocity-block inverse applied by blocked_jacobi_preconditioned_cg_gpu_with_residual_replacement(true_rtol_target=1e-12)",0.0,PASS,2.220446049250313e-16,534.8948455001228
3.8067198717723434,800,120397,0.012394514374988633,orthogonal_duct,5.760353478539773,pressure_index_799_eliminated_then_centered,5.0,0.0,M2_n800,799,800,pvfv_stability_along_refinement,2.5,0,3772.1832362081987,0.5794978269010606,0.00015362398659179988,"dense_eigvalsh_on_explicit_schur, with the velocity-block inverse applied by blocked_jacobi_preconditioned_cg_gpu_with_residual_replacement(true_rtol_target=1e-12)",0.0,PASS,2.220446049250313e-16,544.4254462001845
3.7240425374034194,1600,153528,0.011891966123587757,orthogonal_duct,2.6460936035848177,pressure_index_1599_eliminated_then_centered,4.0,0.0,M3_n1600,1599,1600,pvfv_stability_along_refinement,2.0,0,4807.129678131246,0.6798187907071394,0.0001414188582845588,"dense_eigvalsh_on_explicit_schur, with the velocity-block inverse applied by blocked_jacobi_preconditioned_cg_gpu_with_residual_replacement(true_rtol_target=1e-12)",0.0,PASS,2.220446049250313e-16,964.9261673998553
3.918992055467353,200,63040,0.02068187420127584,skewed_duct,22.97509795989444,pressure_index_199_eliminated_then_centered,8.0,0.0,M0_n200,199,200,pvfv_stability_along_refinement,4.0,0,1043.3540162758452,0.446284163951605,0.00042773992047739906,"dense_eigvalsh_on_explicit_schur, with the velocity-block inverse applied by blocked_jacobi_preconditioned_cg_gpu_with_residual_replacement(true_rtol_target=1e-12)",0.0,PASS,2.220446049250313e-16,608.0887364000082
3.8645639949697492,400,86679,0.020563284278706063,skewed_duct,20.08495101123004,pressure_index_399_eliminated_then_centered,6.0,0.0,M1_n400,399,400,pvfv_stability_along_refinement,3.0,0,1197.5842901588492,0.5063969127221869,0.00042284866032687995,"dense_eigvalsh_on_explicit_schur, with the velocity-block inverse applied by blocked_jacobi_preconditioned_cg_gpu_with_residual_replacement(true_rtol_target=1e-12)",0.0,PASS,2.220446049250313e-16,472.0433797999285
3.752156257303707,800,117298,0.018079425546488836,skewed_duct,10.25628723616358,pressure_index_799_eliminated_then_centered,5.0,0.0,M2_n800,799,800,pvfv_stability_along_refinement,2.5,0,1751.1816157308076,0.5724010787273207,0.00032686562809103314,"dense_eigvalsh_on_explicit_schur, with the velocity-block inverse applied by blocked_jacobi_preconditioned_cg_gpu_with_residual_replacement(true_rtol_target=1e-12)",0.0,PASS,2.220446049250313e-16,504.186802999815
3.6077298070143717,1600,149880,0.009565684806490156,skewed_duct,7.535972152758699,pressure_index_1599_eliminated_then_centered,4.0,0.0,M3_n1600,1599,1600,pvfv_stability_along_refinement,2.0,0,7394.9949063240865,0.6766592333343842,9.150232581711659e-05,"dense_eigvalsh_on_explicit_schur, with the velocity-block inverse applied by blocked_jacobi_preconditioned_cg_gpu_with_residual_replacement(true_rtol_target=1e-12)",0.0,PASS,2.220446049250313e-16,922.9045864997897
