stage,candidate,sweep_round,repeat_count,particle_count,site_count,block_size,closure_block_size,cooperative_blocks_per_sm,closure_coordinate_method,lower_bound_method,lower_warp_block_size,lower_cooperative_blocks_per_sm,certificate_method,median_ms,p05_ms,p95_ms
voxel_block_size,voxel_b32,1,101,10,45,32,64,8,power2_warp_vote,jump_cooperative_warp64,256,8,path_bitset_compact64,0.43849999201484025,0.4150999884586781,0.5483000131789595
voxel_block_size,voxel_b64,1,101,10,45,64,64,8,power2_warp_vote,jump_cooperative_warp64,256,8,path_bitset_compact64,0.4304000176489353,0.41340000461786985,0.5571999936364591
voxel_block_size,voxel_b128,1,101,10,45,128,64,8,power2_warp_vote,jump_cooperative_warp64,256,8,path_bitset_compact64,0.42520000715740025,0.4028000112157315,0.5750000127591193
voxel_block_size,voxel_b256,1,101,10,45,256,64,8,power2_warp_vote,jump_cooperative_warp64,256,8,path_bitset_compact64,0.4223999858368188,0.40270001045428216,0.5375999899115413
voxel_block_size,voxel_b512,1,101,10,45,512,64,8,power2_warp_vote,jump_cooperative_warp64,256,8,path_bitset_compact64,0.42929998016916215,0.40889999945648015,0.5141999863553792
voxel_block_size,voxel_b32,2,101,10,45,32,64,8,power2_warp_vote,jump_cooperative_warp64,256,8,path_bitset_compact64,0.4474000015761703,0.42299999040551484,0.5536999960895628
voxel_block_size,voxel_b64,2,101,10,45,64,64,8,power2_warp_vote,jump_cooperative_warp64,256,8,path_bitset_compact64,0.4394999996293336,0.4110999871045351,0.5558000120799989
voxel_block_size,voxel_b128,2,101,10,45,128,64,8,power2_warp_vote,jump_cooperative_warp64,256,8,path_bitset_compact64,0.4363000043667853,0.4109000146854669,0.5648000224027783
voxel_block_size,voxel_b256,2,101,10,45,256,64,8,power2_warp_vote,jump_cooperative_warp64,256,8,path_bitset_compact64,0.43340001138858497,0.41099998634308577,0.5797999911010265
voxel_block_size,voxel_b512,2,101,10,45,512,64,8,power2_warp_vote,jump_cooperative_warp64,256,8,path_bitset_compact64,0.43700000969693065,0.4130000015720725,0.6796999950893223
voxel_block_size,voxel_b32,3,101,10,45,32,64,8,power2_warp_vote,jump_cooperative_warp64,256,8,path_bitset_compact64,0.47470000572502613,0.4251000063959509,0.7319999858736992
voxel_block_size,voxel_b64,3,101,10,45,64,64,8,power2_warp_vote,jump_cooperative_warp64,256,8,path_bitset_compact64,0.45950000640004873,0.4139999800827354,0.6843000010121614
voxel_block_size,voxel_b128,3,101,10,45,128,64,8,power2_warp_vote,jump_cooperative_warp64,256,8,path_bitset_compact64,0.4805999924428761,0.4078000201843679,0.6915999983903021
voxel_block_size,voxel_b256,3,101,10,45,256,64,8,power2_warp_vote,jump_cooperative_warp64,256,8,path_bitset_compact64,0.45950000640004873,0.4144000122323632,0.6784999859519303
voxel_block_size,voxel_b512,3,101,10,45,512,64,8,power2_warp_vote,jump_cooperative_warp64,256,8,path_bitset_compact64,0.4607000155374408,0.4101000085938722,0.6739000091329217
voxel_block_size,voxel_b32,1,101,50,379,32,64,8,power2_warp_vote,jump_cooperative_warp64,256,8,path_bitset_compact64,0.3318999952170998,0.3008000203408301,0.4898000042885542
voxel_block_size,voxel_b64,1,101,50,379,64,64,8,power2_warp_vote,jump_cooperative_warp64,256,8,path_bitset_compact64,0.32279998413287103,0.2929000183939934,0.49149998812936246
voxel_block_size,voxel_b128,1,101,50,379,128,64,8,power2_warp_vote,jump_cooperative_warp64,256,8,path_bitset_compact64,0.3218000056222081,0.2932000206783414,0.47339999582618475
voxel_block_size,voxel_b256,1,101,50,379,256,64,8,power2_warp_vote,jump_cooperative_warp64,256,8,path_bitset_compact64,0.32140000257641077,0.2921000123023987,0.45040002441965044
voxel_block_size,voxel_b512,1,101,50,379,512,64,8,power2_warp_vote,jump_cooperative_warp64,256,8,path_bitset_compact64,0.31980001949705184,0.2962999860756099,0.47560001257807016
voxel_block_size,voxel_b32,2,101,50,379,32,64,8,power2_warp_vote,jump_cooperative_warp64,256,8,path_bitset_compact64,0.3105000068899244,0.291300006210804,0.44109998270869255
voxel_block_size,voxel_b64,2,101,50,379,64,64,8,power2_warp_vote,jump_cooperative_warp64,256,8,path_bitset_compact64,0.3015999973285943,0.28440001187846065,0.40869999793358147
voxel_block_size,voxel_b128,2,101,50,379,128,64,8,power2_warp_vote,jump_cooperative_warp64,256,8,path_bitset_compact64,0.301199994282797,0.2838000073097646,0.42639998719096184
voxel_block_size,voxel_b256,2,101,50,379,256,64,8,power2_warp_vote,jump_cooperative_warp64,256,8,path_bitset_compact64,0.30169999809004366,0.2830000012181699,0.43849999201484025
voxel_block_size,voxel_b512,2,101,50,379,512,64,8,power2_warp_vote,jump_cooperative_warp64,256,8,path_bitset_compact64,0.29930000891909003,0.28289997135289013,0.39010000182315707
voxel_block_size,voxel_b32,3,101,50,379,32,64,8,power2_warp_vote,jump_cooperative_warp64,256,8,path_bitset_compact64,0.2995000104419887,0.28420001035556197,0.3978000022470951
voxel_block_size,voxel_b64,3,101,50,379,64,64,8,power2_warp_vote,jump_cooperative_warp64,256,8,path_bitset_compact64,0.29070000164210796,0.27489999774843454,0.36929998896084726
voxel_block_size,voxel_b128,3,101,50,379,128,64,8,power2_warp_vote,jump_cooperative_warp64,256,8,path_bitset_compact64,0.2906000008806586,0.27489999774843454,0.3858999989461154
voxel_block_size,voxel_b256,3,101,50,379,256,64,8,power2_warp_vote,jump_cooperative_warp64,256,8,path_bitset_compact64,0.28940002084709704,0.27489999774843454,0.4276999970898032
voxel_block_size,voxel_b512,3,101,50,379,512,64,8,power2_warp_vote,jump_cooperative_warp64,256,8,path_bitset_compact64,0.2890000178012997,0.2756999747361988,0.3865999751724303
voxel_block_size,voxel_b32,1,101,100,900,32,64,8,power2_warp_vote,jump_cooperative_warp64,256,8,path_bitset_compact64,0.29200001154094934,0.27570000384002924,0.3614999877754599
voxel_block_size,voxel_b64,1,101,100,900,64,64,8,power2_warp_vote,jump_cooperative_warp64,256,8,path_bitset_compact64,0.28670000028796494,0.2723999787122011,0.39179998566396534
voxel_block_size,voxel_b128,1,101,100,900,128,64,8,power2_warp_vote,jump_cooperative_warp64,256,8,path_bitset_compact64,0.288200011709705,0.2717000024858862,0.3892999957315624
voxel_block_size,voxel_b256,1,101,100,900,256,64,8,power2_warp_vote,jump_cooperative_warp64,256,8,path_bitset_compact64,0.288800016278401,0.27379998937249184,0.39319999632425606
voxel_block_size,voxel_b512,1,101,100,900,512,64,8,power2_warp_vote,jump_cooperative_warp64,256,8,path_bitset_compact64,0.2920999831985682,0.274300022283569,0.40190000436268747
voxel_block_size,voxel_b32,2,101,100,900,32,64,8,power2_warp_vote,jump_cooperative_warp64,256,8,path_bitset_compact64,0.3023000026587397,0.2837000065483153,0.4589000018313527
voxel_block_size,voxel_b64,2,101,100,900,64,64,8,power2_warp_vote,jump_cooperative_warp64,256,8,path_bitset_compact64,0.29719999292865396,0.2829000004567206,0.41459998465143144
voxel_block_size,voxel_b128,2,101,100,900,128,64,8,power2_warp_vote,jump_cooperative_warp64,256,8,path_bitset_compact64,0.2985999744851142,0.2778000198304653,0.4366000066511333
voxel_block_size,voxel_b256,2,101,100,900,256,64,8,power2_warp_vote,jump_cooperative_warp64,256,8,path_bitset_compact64,0.2971000212710351,0.2778000198304653,0.4191999905742705
voxel_block_size,voxel_b512,2,101,100,900,512,64,8,power2_warp_vote,jump_cooperative_warp64,256,8,path_bitset_compact64,0.29830000130459666,0.2838000073097646,0.44180001714266837
voxel_block_size,voxel_b32,3,101,100,900,32,64,8,power2_warp_vote,jump_cooperative_warp64,256,8,path_bitset_compact64,0.291300006210804,0.2770000137388706,0.33229999826289713
voxel_block_size,voxel_b64,3,101,100,900,64,64,8,power2_warp_vote,jump_cooperative_warp64,256,8,path_bitset_compact64,0.2872000040952116,0.2719000040087849,0.384899991331622
voxel_block_size,voxel_b128,3,101,100,900,128,64,8,power2_warp_vote,jump_cooperative_warp64,256,8,path_bitset_compact64,0.2880000101868063,0.2736999886110425,0.41140001849271357
voxel_block_size,voxel_b256,3,101,100,900,256,64,8,power2_warp_vote,jump_cooperative_warp64,256,8,path_bitset_compact64,0.2868000010494143,0.27150000096298754,0.37429999792948365
voxel_block_size,voxel_b512,3,101,100,900,512,64,8,power2_warp_vote,jump_cooperative_warp64,256,8,path_bitset_compact64,0.28899998869746923,0.2738999901339412,0.3505999920889735
voxel_block_size,voxel_b32,1,101,200,1831,32,64,8,power2_warp_vote,jump_cooperative_warp64,256,8,path_bitset_compact64,0.370699999621138,0.2972999936901033,0.6281000096350908
voxel_block_size,voxel_b64,1,101,200,1831,64,64,8,power2_warp_vote,jump_cooperative_warp64,256,8,path_bitset_compact64,0.35799999022856355,0.28929999098181725,0.6448999920394272
voxel_block_size,voxel_b128,1,101,200,1831,128,64,8,power2_warp_vote,jump_cooperative_warp64,256,8,path_bitset_compact64,0.3664999967440963,0.29039999935775995,0.6561999907717109
voxel_block_size,voxel_b256,1,101,200,1831,256,64,8,power2_warp_vote,jump_cooperative_warp64,256,8,path_bitset_compact64,0.3662999952211976,0.2919000107795,0.6216999900061637
voxel_block_size,voxel_b512,1,101,200,1831,512,64,8,power2_warp_vote,jump_cooperative_warp64,256,8,path_bitset_compact64,0.3570999833755195,0.2859999949578196,0.6252999883145094
voxel_block_size,voxel_b32,2,101,200,1831,32,64,8,power2_warp_vote,jump_cooperative_warp64,256,8,path_bitset_compact64,0.36269999691285193,0.3099000023212284,0.5741000059060752
voxel_block_size,voxel_b64,2,101,200,1831,64,64,8,power2_warp_vote,jump_cooperative_warp64,256,8,path_bitset_compact64,0.3690999874379486,0.3043999895453453,0.5673000123351812
voxel_block_size,voxel_b128,2,101,200,1831,128,64,8,power2_warp_vote,jump_cooperative_warp64,256,8,path_bitset_compact64,0.3611999854911119,0.30139999580569565,0.5787999834865332
voxel_block_size,voxel_b256,2,101,200,1831,256,64,8,power2_warp_vote,jump_cooperative_warp64,256,8,path_bitset_compact64,0.3552999987732619,0.3031000087503344,0.5491999909281731
voxel_block_size,voxel_b512,2,101,200,1831,512,64,8,power2_warp_vote,jump_cooperative_warp64,256,8,path_bitset_compact64,0.35439999192021787,0.3032000095117837,0.5156999977771193
voxel_block_size,voxel_b32,3,101,200,1831,32,64,8,power2_warp_vote,jump_cooperative_warp64,256,8,path_bitset_compact64,0.36650002584792674,0.3043999895453453,0.5627000064123422
voxel_block_size,voxel_b64,3,101,200,1831,64,64,8,power2_warp_vote,jump_cooperative_warp64,256,8,path_bitset_compact64,0.3646999830380082,0.3043000178877264,0.5155999970156699
voxel_block_size,voxel_b128,3,101,200,1831,128,64,8,power2_warp_vote,jump_cooperative_warp64,256,8,path_bitset_compact64,0.36509998608380556,0.2982000005431473,0.5441000103019178
voxel_block_size,voxel_b256,3,101,200,1831,256,64,8,power2_warp_vote,jump_cooperative_warp64,256,8,path_bitset_compact64,0.36520001594908535,0.3032000095117837,0.5660000024363399
voxel_block_size,voxel_b512,3,101,200,1831,512,64,8,power2_warp_vote,jump_cooperative_warp64,256,8,path_bitset_compact64,0.36279999767430127,0.29880000511184335,0.5935999797657132
voxel_block_size,voxel_b32,1,101,500,4452,32,64,8,power2_warp_vote,jump_cooperative_warp64,256,8,path_bitset_compact64,0.3309000167064369,0.29039999935775995,0.5587000050581992
voxel_block_size,voxel_b64,1,101,500,4452,64,64,8,power2_warp_vote,jump_cooperative_warp64,256,8,path_bitset_compact64,0.3384999872650951,0.26699999580159783,0.4917999904137105
voxel_block_size,voxel_b128,1,101,500,4452,128,64,8,power2_warp_vote,jump_cooperative_warp64,256,8,path_bitset_compact64,0.33149999217130244,0.27859999681822956,0.4727999912574887
voxel_block_size,voxel_b256,1,101,500,4452,256,64,8,power2_warp_vote,jump_cooperative_warp64,256,8,path_bitset_compact64,0.33190002432093024,0.27940000290982425,0.5666000070050359
voxel_block_size,voxel_b512,1,101,500,4452,512,64,8,power2_warp_vote,jump_cooperative_warp64,256,8,path_bitset_compact64,0.3315999929327518,0.28219999512657523,0.5373999883886427
voxel_block_size,voxel_b32,2,101,500,4452,32,64,8,power2_warp_vote,jump_cooperative_warp64,256,8,path_bitset_compact64,0.32550000469200313,0.27719998615793884,0.5157999985385686
voxel_block_size,voxel_b64,2,101,500,4452,64,64,8,power2_warp_vote,jump_cooperative_warp64,256,8,path_bitset_compact64,0.3226999833714217,0.2717000024858862,0.5750000127591193
voxel_block_size,voxel_b128,2,101,500,4452,128,64,8,power2_warp_vote,jump_cooperative_warp64,256,8,path_bitset_compact64,0.3347999881953001,0.2756000030785799,0.5035999929532409
voxel_block_size,voxel_b256,2,101,500,4452,256,64,8,power2_warp_vote,jump_cooperative_warp64,256,8,path_bitset_compact64,0.3383000148460269,0.26890001026913524,0.6052999815437943
voxel_block_size,voxel_b512,2,101,500,4452,512,64,8,power2_warp_vote,jump_cooperative_warp64,256,8,path_bitset_compact64,0.32660001306794584,0.2545999886933714,0.5668999801855534
voxel_block_size,voxel_b32,3,101,500,4452,32,64,8,power2_warp_vote,jump_cooperative_warp64,256,8,path_bitset_compact64,0.3114999854005873,0.24220001068897545,0.5324000085238367
voxel_block_size,voxel_b64,3,101,500,4452,64,64,8,power2_warp_vote,jump_cooperative_warp64,256,8,path_bitset_compact64,0.3110000106971711,0.23200002033263445,0.45419999514706433
voxel_block_size,voxel_b128,3,101,500,4452,128,64,8,power2_warp_vote,jump_cooperative_warp64,256,8,path_bitset_compact64,0.31319999834522605,0.24090000079013407,0.4692999937105924
voxel_block_size,voxel_b256,3,101,500,4452,256,64,8,power2_warp_vote,jump_cooperative_warp64,256,8,path_bitset_compact64,0.31370000215247273,0.2367999986745417,0.48619997687637806
voxel_block_size,voxel_b512,3,101,500,4452,512,64,8,power2_warp_vote,jump_cooperative_warp64,256,8,path_bitset_compact64,0.31870001112110913,0.2376000047661364,0.572100019780919
voxel_block_confirmation,voxel_b64,1,501,10,45,64,64,8,power2_warp_vote,jump_cooperative_warp64,256,8,path_bitset_compact64,0.5041999975219369,0.4361000028438866,0.6756000220775604
voxel_block_confirmation,voxel_b256,1,501,10,45,256,64,8,power2_warp_vote,jump_cooperative_warp64,256,8,path_bitset_compact64,0.4993000184185803,0.4324000037740916,0.6485000194516033
voxel_block_confirmation,voxel_b512,1,501,10,45,512,64,8,power2_warp_vote,jump_cooperative_warp64,256,8,path_bitset_compact64,0.49890001537278295,0.4315999976824969,0.6614000012632459
voxel_block_confirmation,voxel_b64,2,501,10,45,64,64,8,power2_warp_vote,jump_cooperative_warp64,256,8,path_bitset_compact64,0.5117999971844256,0.42879997636191547,0.6695000047329813
voxel_block_confirmation,voxel_b256,2,501,10,45,256,64,8,power2_warp_vote,jump_cooperative_warp64,256,8,path_bitset_compact64,0.4983999824617058,0.4248000041116029,0.662600010400638
voxel_block_confirmation,voxel_b512,2,501,10,45,512,64,8,power2_warp_vote,jump_cooperative_warp64,256,8,path_bitset_compact64,0.5132000078447163,0.4332000098656863,0.6784999859519303
voxel_block_confirmation,voxel_b64,3,501,10,45,64,64,8,power2_warp_vote,jump_cooperative_warp64,256,8,path_bitset_compact64,0.530699995579198,0.4656999954022467,0.7168999873101711
voxel_block_confirmation,voxel_b256,3,501,10,45,256,64,8,power2_warp_vote,jump_cooperative_warp64,256,8,path_bitset_compact64,0.5210000090301037,0.4622999986167997,0.7240000122692436
voxel_block_confirmation,voxel_b512,3,501,10,45,512,64,8,power2_warp_vote,jump_cooperative_warp64,256,8,path_bitset_compact64,0.5237000004854053,0.4700999998021871,0.732100015738979
voxel_block_confirmation,voxel_b64,4,501,10,45,64,64,8,power2_warp_vote,jump_cooperative_warp64,256,8,path_bitset_compact64,0.5095000087749213,0.44479998177848756,0.7946999976411462
voxel_block_confirmation,voxel_b256,4,501,10,45,256,64,8,power2_warp_vote,jump_cooperative_warp64,256,8,path_bitset_compact64,0.5029999883845448,0.44380000326782465,1.1243000044487417
voxel_block_confirmation,voxel_b512,4,501,10,45,512,64,8,power2_warp_vote,jump_cooperative_warp64,256,8,path_bitset_compact64,0.5054999783169478,0.43829999049194157,0.8159000135492533
voxel_block_confirmation,voxel_b64,5,501,10,45,64,64,8,power2_warp_vote,jump_cooperative_warp64,256,8,path_bitset_compact64,0.49379997653886676,0.427200022386387,0.7665999874006957
voxel_block_confirmation,voxel_b256,5,501,10,45,256,64,8,power2_warp_vote,jump_cooperative_warp64,256,8,path_bitset_compact64,0.4800999886356294,0.42150000808760524,0.6794999935664237
voxel_block_confirmation,voxel_b512,5,501,10,45,512,64,8,power2_warp_vote,jump_cooperative_warp64,256,8,path_bitset_compact64,0.49100001342594624,0.42779999785125256,0.6984999927226454
voxel_block_confirmation,voxel_b64,1,501,50,379,64,64,8,power2_warp_vote,jump_cooperative_warp64,256,8,path_bitset_compact64,0.3586999955587089,0.29999998514540493,0.5848000000696629
voxel_block_confirmation,voxel_b256,1,501,50,379,256,64,8,power2_warp_vote,jump_cooperative_warp64,256,8,path_bitset_compact64,0.3566000086721033,0.299000006634742,0.5689999961759895
voxel_block_confirmation,voxel_b512,1,501,50,379,512,64,8,power2_warp_vote,jump_cooperative_warp64,256,8,path_bitset_compact64,0.3558000025805086,0.2982000005431473,0.5489000177476555
voxel_block_confirmation,voxel_b64,2,501,50,379,64,64,8,power2_warp_vote,jump_cooperative_warp64,256,8,path_bitset_compact64,0.36219999310560524,0.2993999805767089,0.6257999921217561
voxel_block_confirmation,voxel_b256,2,501,50,379,256,64,8,power2_warp_vote,jump_cooperative_warp64,256,8,path_bitset_compact64,0.3552999987732619,0.2967999898828566,0.5898000090382993
voxel_block_confirmation,voxel_b512,2,501,50,379,512,64,8,power2_warp_vote,jump_cooperative_warp64,256,8,path_bitset_compact64,0.3585000231396407,0.29880000511184335,0.6001000001560897
voxel_block_confirmation,voxel_b64,3,501,50,379,64,64,8,power2_warp_vote,jump_cooperative_warp64,256,8,path_bitset_compact64,0.36669999826699495,0.3096000000368804,0.5290000117383897
voxel_block_confirmation,voxel_b256,3,501,50,379,256,64,8,power2_warp_vote,jump_cooperative_warp64,256,8,path_bitset_compact64,0.3600000054575503,0.30739998328499496,0.509400008013472
voxel_block_confirmation,voxel_b512,3,501,50,379,512,64,8,power2_warp_vote,jump_cooperative_warp64,256,8,path_bitset_compact64,0.3650000144261867,0.308599992422387,0.522699992870912
voxel_block_confirmation,voxel_b64,4,501,50,379,64,64,8,power2_warp_vote,jump_cooperative_warp64,256,8,path_bitset_compact64,0.36639999598264694,0.30640000477433205,0.5697000015061349
voxel_block_confirmation,voxel_b256,4,501,50,379,256,64,8,power2_warp_vote,jump_cooperative_warp64,256,8,path_bitset_compact64,0.36249999538995326,0.30529999639838934,0.5611000233329833
voxel_block_confirmation,voxel_b512,4,501,50,379,512,64,8,power2_warp_vote,jump_cooperative_warp64,256,8,path_bitset_compact64,0.3646999830380082,0.3046999918296933,0.6188999977894127
voxel_block_confirmation,voxel_b64,5,501,50,379,64,64,8,power2_warp_vote,jump_cooperative_warp64,256,8,path_bitset_compact64,0.3734000201802701,0.31880001188255847,0.5352000007405877
voxel_block_confirmation,voxel_b256,5,501,50,379,256,64,8,power2_warp_vote,jump_cooperative_warp64,256,8,path_bitset_compact64,0.36929998896084726,0.31969998963177204,0.5459999956656247
voxel_block_confirmation,voxel_b512,5,501,50,379,512,64,8,power2_warp_vote,jump_cooperative_warp64,256,8,path_bitset_compact64,0.3693000180646777,0.31870001112110913,0.5721999914385378
voxel_block_confirmation,voxel_b64,1,501,100,900,64,64,8,power2_warp_vote,jump_cooperative_warp64,256,8,path_bitset_compact64,0.3651999868452549,0.31030000536702573,0.5855000053998083
voxel_block_confirmation,voxel_b256,1,501,100,900,256,64,8,power2_warp_vote,jump_cooperative_warp64,256,8,path_bitset_compact64,0.35930000012740493,0.3090999962296337,0.5991999933030456
voxel_block_confirmation,voxel_b512,1,501,100,900,512,64,8,power2_warp_vote,jump_cooperative_warp64,256,8,path_bitset_compact64,0.3630999999586493,0.3065000055357814,0.579200015636161
voxel_block_confirmation,voxel_b64,2,501,100,900,64,64,8,power2_warp_vote,jump_cooperative_warp64,256,8,path_bitset_compact64,0.3589999978430569,0.2936999953817576,0.6480999873019755
voxel_block_confirmation,voxel_b256,2,501,100,900,256,64,8,power2_warp_vote,jump_cooperative_warp64,256,8,path_bitset_compact64,0.35710001247934997,0.29319999157451093,0.5945999873802066
voxel_block_confirmation,voxel_b512,2,501,100,900,512,64,8,power2_warp_vote,jump_cooperative_warp64,256,8,path_bitset_compact64,0.36089998320676386,0.2966000174637884,0.5574999959208071
voxel_block_confirmation,voxel_b64,3,501,100,900,64,64,8,power2_warp_vote,jump_cooperative_warp64,256,8,path_bitset_compact64,0.34389999927952886,0.2880000101868063,0.5385999975260347
voxel_block_confirmation,voxel_b256,3,501,100,900,256,64,8,power2_warp_vote,jump_cooperative_warp64,256,8,path_bitset_compact64,0.34199998481199145,0.2891999902203679,0.5592000088654459
voxel_block_confirmation,voxel_b512,3,501,100,900,512,64,8,power2_warp_vote,jump_cooperative_warp64,256,8,path_bitset_compact64,0.3480000013951212,0.28989999555051327,0.5706000083591789
voxel_block_confirmation,voxel_b64,4,501,100,900,64,64,8,power2_warp_vote,jump_cooperative_warp64,256,8,path_bitset_compact64,0.36279999767430127,0.294400000711903,0.5740000051446259
voxel_block_confirmation,voxel_b256,4,501,100,900,256,64,8,power2_warp_vote,jump_cooperative_warp64,256,8,path_bitset_compact64,0.3638999769464135,0.2941999991890043,0.604800006840378
voxel_block_confirmation,voxel_b512,4,501,100,900,512,64,8,power2_warp_vote,jump_cooperative_warp64,256,8,path_bitset_compact64,0.3653000167105347,0.295000005280599,0.6531000253744423
voxel_block_confirmation,voxel_b64,5,501,100,900,64,64,8,power2_warp_vote,jump_cooperative_warp64,256,8,path_bitset_compact64,0.35940000088885427,0.3001999866683036,0.5836999916937202
voxel_block_confirmation,voxel_b256,5,501,100,900,256,64,8,power2_warp_vote,jump_cooperative_warp64,256,8,path_bitset_compact64,0.3566000086721033,0.29830000130459666,0.5822000093758106
voxel_block_confirmation,voxel_b512,5,501,100,900,512,64,8,power2_warp_vote,jump_cooperative_warp64,256,8,path_bitset_compact64,0.36089998320676386,0.3015999973285943,0.5636000132653862
voxel_block_confirmation,voxel_b64,1,501,200,1831,64,64,8,power2_warp_vote,jump_cooperative_warp64,256,8,path_bitset_compact64,0.3597000031732023,0.29930000891909003,0.5522000137716532
voxel_block_confirmation,voxel_b256,1,501,200,1831,256,64,8,power2_warp_vote,jump_cooperative_warp64,256,8,path_bitset_compact64,0.3580999909900129,0.299000006634742,0.5829999863635749
voxel_block_confirmation,voxel_b512,1,501,200,1831,512,64,8,power2_warp_vote,jump_cooperative_warp64,256,8,path_bitset_compact64,0.36299999919719994,0.29379999614320695,0.592500000493601
voxel_block_confirmation,voxel_b64,2,501,200,1831,64,64,8,power2_warp_vote,jump_cooperative_warp64,256,8,path_bitset_compact64,0.3347999881953001,0.2781999937724322,0.5394000036176294
voxel_block_confirmation,voxel_b256,2,501,200,1831,256,64,8,power2_warp_vote,jump_cooperative_warp64,256,8,path_bitset_compact64,0.33459998667240143,0.2778000198304653,0.5382999952416867
voxel_block_confirmation,voxel_b512,2,501,200,1831,512,64,8,power2_warp_vote,jump_cooperative_warp64,256,8,path_bitset_compact64,0.3319999959785491,0.2753000007942319,0.5329999839887023
voxel_block_confirmation,voxel_b64,3,501,200,1831,64,64,8,power2_warp_vote,jump_cooperative_warp64,256,8,path_bitset_compact64,0.3446000046096742,0.27910000062547624,0.5323000077623874
voxel_block_confirmation,voxel_b256,3,501,200,1831,256,64,8,power2_warp_vote,jump_cooperative_warp64,256,8,path_bitset_compact64,0.34309999318793416,0.27809999301098287,0.6578000029549003
voxel_block_confirmation,voxel_b512,3,501,200,1831,512,64,8,power2_warp_vote,jump_cooperative_warp64,256,8,path_bitset_compact64,0.34050000249408185,0.27710001450031996,0.5406000127550215
voxel_block_confirmation,voxel_b64,4,501,200,1831,64,64,8,power2_warp_vote,jump_cooperative_warp64,256,8,path_bitset_compact64,0.3566000086721033,0.291600008495152,0.5567000189330429
voxel_block_confirmation,voxel_b256,4,501,200,1831,256,64,8,power2_warp_vote,jump_cooperative_warp64,256,8,path_bitset_compact64,0.3529000096023083,0.29189998167566955,0.5373999883886427
voxel_block_confirmation,voxel_b512,4,501,200,1831,512,64,8,power2_warp_vote,jump_cooperative_warp64,256,8,path_bitset_compact64,0.35119999665766954,0.28959999326616526,0.5704000068362802
voxel_block_confirmation,voxel_b64,5,501,200,1831,64,64,8,power2_warp_vote,jump_cooperative_warp64,256,8,path_bitset_compact64,0.3060000017285347,0.2741999924182892,0.4881999921053648
voxel_block_confirmation,voxel_b256,5,501,200,1831,256,64,8,power2_warp_vote,jump_cooperative_warp64,256,8,path_bitset_compact64,0.3079000161960721,0.2756000030785799,0.49279999802820385
voxel_block_confirmation,voxel_b512,5,501,200,1831,512,64,8,power2_warp_vote,jump_cooperative_warp64,256,8,path_bitset_compact64,0.31510001281276345,0.2741999924182892,0.5288000102154911
voxel_block_confirmation,voxel_b64,1,501,500,4452,64,64,8,power2_warp_vote,jump_cooperative_warp64,256,8,path_bitset_compact64,0.29329999233596027,0.21970001398585737,0.5186999915167689
voxel_block_confirmation,voxel_b256,1,501,500,4452,256,64,8,power2_warp_vote,jump_cooperative_warp64,256,8,path_bitset_compact64,0.29230001382529736,0.22139999782666564,0.5649999948218465
voxel_block_confirmation,voxel_b512,1,501,500,4452,512,64,8,power2_warp_vote,jump_cooperative_warp64,256,8,path_bitset_compact64,0.2914000069722533,0.22190000163391232,0.5381999944802374
voxel_block_confirmation,voxel_b64,2,501,500,4452,64,64,8,power2_warp_vote,jump_cooperative_warp64,256,8,path_bitset_compact64,0.25340000865980983,0.21860000560991466,0.5290000117383897
voxel_block_confirmation,voxel_b256,2,501,500,4452,256,64,8,power2_warp_vote,jump_cooperative_warp64,256,8,path_bitset_compact64,0.25419998564757407,0.21960001322440803,0.47660002019256353
voxel_block_confirmation,voxel_b512,2,501,500,4452,512,64,8,power2_warp_vote,jump_cooperative_warp64,256,8,path_bitset_compact64,0.2558999985922128,0.2206000208389014,0.5283999780658633
voxel_block_confirmation,voxel_b64,3,501,500,4452,64,64,8,power2_warp_vote,jump_cooperative_warp64,256,8,path_bitset_compact64,0.301199994282797,0.22250000620260835,0.5481000116560608
voxel_block_confirmation,voxel_b256,3,501,500,4452,256,64,8,power2_warp_vote,jump_cooperative_warp64,256,8,path_bitset_compact64,0.2993999805767089,0.2238999877590686,0.5739000043831766
voxel_block_confirmation,voxel_b512,3,501,500,4452,512,64,8,power2_warp_vote,jump_cooperative_warp64,256,8,path_bitset_compact64,0.301799998851493,0.22269997862167656,0.5341999931260943
voxel_block_confirmation,voxel_b64,4,501,500,4452,64,64,8,power2_warp_vote,jump_cooperative_warp64,256,8,path_bitset_compact64,0.2471999905537814,0.2145000034943223,0.45330001739785075
voxel_block_confirmation,voxel_b256,4,501,500,4452,256,64,8,power2_warp_vote,jump_cooperative_warp64,256,8,path_bitset_compact64,0.2565000031609088,0.21329999435693026,0.4619999963324517
voxel_block_confirmation,voxel_b512,4,501,500,4452,512,64,8,power2_warp_vote,jump_cooperative_warp64,256,8,path_bitset_compact64,0.2533000078983605,0.21349999587982893,0.5040999967604876
voxel_block_confirmation,voxel_b64,5,501,500,4452,64,64,8,power2_warp_vote,jump_cooperative_warp64,256,8,path_bitset_compact64,0.29460000223480165,0.22749998606741428,0.4955999902449548
voxel_block_confirmation,voxel_b256,5,501,500,4452,256,64,8,power2_warp_vote,jump_cooperative_warp64,256,8,path_bitset_compact64,0.29579998226836324,0.22650000755675137,0.5370000144466758
voxel_block_confirmation,voxel_b512,5,501,500,4452,512,64,8,power2_warp_vote,jump_cooperative_warp64,256,8,path_bitset_compact64,0.2967999898828566,0.22680000984109938,0.5507000023499131
closure_block_size,closure_b32,1,101,10,45,256,32,8,power2_warp_vote,jump_cooperative_warp64,256,8,path_bitset_compact64,0.5202999745961279,0.4530999867711216,0.6614000012632459
closure_block_size,closure_b64,1,101,10,45,256,64,8,power2_warp_vote,jump_cooperative_warp64,256,8,path_bitset_compact64,0.49000000581145287,0.43149999692104757,0.6275999767240137
closure_block_size,closure_b128,1,101,10,45,256,128,8,power2_warp_vote,jump_cooperative_warp64,256,8,path_bitset_compact64,0.5044999998062849,0.4344999906606972,0.7122000097297132
closure_block_size,closure_b256,1,101,10,45,256,256,8,power2_warp_vote,jump_cooperative_warp64,256,8,path_bitset_compact64,0.5037999944761395,0.42869997560046613,1.8386000010650605
closure_block_size,closure_b512,1,101,10,45,256,512,8,power2_warp_vote,jump_cooperative_warp64,256,8,path_bitset_compact64,0.5329000123310834,0.46040001325309277,0.6949999951757491
closure_block_size,closure_b32,2,101,10,45,256,32,8,power2_warp_vote,jump_cooperative_warp64,256,8,path_bitset_compact64,0.5227999936323613,0.455000001238659,0.7961999799590558
closure_block_size,closure_b64,2,101,10,45,256,64,8,power2_warp_vote,jump_cooperative_warp64,256,8,path_bitset_compact64,0.502600014442578,0.42370002483949065,0.7826999935787171
closure_block_size,closure_b128,2,101,10,45,256,128,8,power2_warp_vote,jump_cooperative_warp64,256,8,path_bitset_compact64,0.5008000007364899,0.4293000092729926,0.7513999880757183
closure_block_size,closure_b256,2,101,10,45,256,256,8,power2_warp_vote,jump_cooperative_warp64,256,8,path_bitset_compact64,0.4889999981969595,0.4284000024199486,0.6964000058360398
closure_block_size,closure_b512,2,101,10,45,256,512,8,power2_warp_vote,jump_cooperative_warp64,256,8,path_bitset_compact64,0.5197999998927116,0.44929998693987727,0.8219000010285527
closure_block_size,closure_b32,3,101,10,45,256,32,8,power2_warp_vote,jump_cooperative_warp64,256,8,path_bitset_compact64,0.5240000027697533,0.4512000014074147,0.7062999939080328
closure_block_size,closure_b64,3,101,10,45,256,64,8,power2_warp_vote,jump_cooperative_warp64,256,8,path_bitset_compact64,0.5067000165581703,0.4167000006418675,0.6513000116683543
closure_block_size,closure_b128,3,101,10,45,256,128,8,power2_warp_vote,jump_cooperative_warp64,256,8,path_bitset_compact64,0.5070999905001372,0.4343999898992479,0.8096999954432249
closure_block_size,closure_b256,3,101,10,45,256,256,8,power2_warp_vote,jump_cooperative_warp64,256,8,path_bitset_compact64,0.49730000318959355,0.4291999794077128,0.6294000195339322
closure_block_size,closure_b512,3,101,10,45,256,512,8,power2_warp_vote,jump_cooperative_warp64,256,8,path_bitset_compact64,0.525100011145696,0.4515000036917627,1.852500019595027
closure_block_size,closure_b32,1,101,50,379,256,32,8,power2_warp_vote,jump_cooperative_warp64,256,8,path_bitset_compact64,0.3400999994482845,0.2899999963119626,0.5419999943114817
closure_block_size,closure_b64,1,101,50,379,256,64,8,power2_warp_vote,jump_cooperative_warp64,256,8,path_bitset_compact64,0.3462999884504825,0.28989999555051327,0.5225999921094626
closure_block_size,closure_b128,1,101,50,379,256,128,8,power2_warp_vote,jump_cooperative_warp64,256,8,path_bitset_compact64,0.34199998481199145,0.2927000168710947,0.5990999925415963
closure_block_size,closure_b256,1,101,50,379,256,256,8,power2_warp_vote,jump_cooperative_warp64,256,8,path_bitset_compact64,0.3429999924264848,0.2930999908130616,0.5307999963406473
closure_block_size,closure_b512,1,101,50,379,256,512,8,power2_warp_vote,jump_cooperative_warp64,256,8,path_bitset_compact64,0.34339999547228217,0.298700004350394,0.6204000092111528
closure_block_size,closure_b32,2,101,50,379,256,32,8,power2_warp_vote,jump_cooperative_warp64,256,8,path_bitset_compact64,0.34080000477842987,0.29230001382529736,0.5651000246871263
closure_block_size,closure_b64,2,101,50,379,256,64,8,power2_warp_vote,jump_cooperative_warp64,256,8,path_bitset_compact64,0.3431000222917646,0.28500001644715667,0.5261999904178083
closure_block_size,closure_b128,2,101,50,379,256,128,8,power2_warp_vote,jump_cooperative_warp64,256,8,path_bitset_compact64,0.3451000084169209,0.2891999902203679,0.6308000010903925
closure_block_size,closure_b256,2,101,50,379,256,256,8,power2_warp_vote,jump_cooperative_warp64,256,8,path_bitset_compact64,0.3490000090096146,0.2891999902203679,0.6895000115036964
closure_block_size,closure_b512,2,101,50,379,256,512,8,power2_warp_vote,jump_cooperative_warp64,256,8,path_bitset_compact64,0.35669998032972217,0.3031000087503344,0.5597000126726925
closure_block_size,closure_b32,3,101,50,379,256,32,8,power2_warp_vote,jump_cooperative_warp64,256,8,path_bitset_compact64,0.36529998760670424,0.3072999825235456,0.6074999982956797
closure_block_size,closure_b64,3,101,50,379,256,64,8,power2_warp_vote,jump_cooperative_warp64,256,8,path_bitset_compact64,0.36199999158270657,0.3062000032514334,0.5703999777324498
closure_block_size,closure_b128,3,101,50,379,256,128,8,power2_warp_vote,jump_cooperative_warp64,256,8,path_bitset_compact64,0.3704999980982393,0.3150000120513141,0.5381999944802374
closure_block_size,closure_b256,3,101,50,379,256,256,8,power2_warp_vote,jump_cooperative_warp64,256,8,path_bitset_compact64,0.35849999403581023,0.3087999939452857,0.5224999913480133
closure_block_size,closure_b512,3,101,50,379,256,512,8,power2_warp_vote,jump_cooperative_warp64,256,8,path_bitset_compact64,0.3685999836307019,0.3245999978389591,0.6357000092975795
closure_block_size,closure_b32,1,101,100,900,256,32,8,power2_warp_vote,jump_cooperative_warp64,256,8,path_bitset_compact64,0.34649998997338116,0.2961000136565417,0.45300001511350274
closure_block_size,closure_b64,1,101,100,900,256,64,8,power2_warp_vote,jump_cooperative_warp64,256,8,path_bitset_compact64,0.3412000078242272,0.28810001094825566,0.48889999743551016
closure_block_size,closure_b128,1,101,100,900,256,128,8,power2_warp_vote,jump_cooperative_warp64,256,8,path_bitset_compact64,0.33820001408457756,0.28649999876506627,0.5348999984562397
closure_block_size,closure_b256,1,101,100,900,256,256,8,power2_warp_vote,jump_cooperative_warp64,256,8,path_bitset_compact64,0.33650000113993883,0.2860999957192689,0.47709999489597976
closure_block_size,closure_b512,1,101,100,900,256,512,8,power2_warp_vote,jump_cooperative_warp64,256,8,path_bitset_compact64,0.3504999913275242,0.301199994282797,0.5293999856803566
closure_block_size,closure_b32,2,101,100,900,256,32,8,power2_warp_vote,jump_cooperative_warp64,256,8,path_bitset_compact64,0.3546999942045659,0.29639998683705926,0.45479999971576035
closure_block_size,closure_b64,2,101,100,900,256,64,8,power2_warp_vote,jump_cooperative_warp64,256,8,path_bitset_compact64,0.35000001662410796,0.2901999978348613,0.5079999973531812
closure_block_size,closure_b128,2,101,100,900,256,128,8,power2_warp_vote,jump_cooperative_warp64,256,8,path_bitset_compact64,0.3467999922577292,0.2860999957192689,0.6031000229995698
closure_block_size,closure_b256,2,101,100,900,256,256,8,power2_warp_vote,jump_cooperative_warp64,256,8,path_bitset_compact64,0.3597000031732023,0.28689997270703316,0.7733000093139708
closure_block_size,closure_b512,2,101,100,900,256,512,8,power2_warp_vote,jump_cooperative_warp64,256,8,path_bitset_compact64,0.35930000012740493,0.29830000130459666,0.593400007346645
closure_block_size,closure_b32,3,101,100,900,256,32,8,power2_warp_vote,jump_cooperative_warp64,256,8,path_bitset_compact64,0.358300021616742,0.298700004350394,0.4862000059802085
closure_block_size,closure_b64,3,101,100,900,256,64,8,power2_warp_vote,jump_cooperative_warp64,256,8,path_bitset_compact64,0.3467000206001103,0.29170000925660133,0.4464000230655074
closure_block_size,closure_b128,3,101,100,900,256,128,8,power2_warp_vote,jump_cooperative_warp64,256,8,path_bitset_compact64,0.3456000122241676,0.29570001061074436,0.5885999999009073
closure_block_size,closure_b256,3,101,100,900,256,256,8,power2_warp_vote,jump_cooperative_warp64,256,8,path_bitset_compact64,0.3549999964889139,0.28780000866390765,0.4872000135947019
closure_block_size,closure_b512,3,101,100,900,256,512,8,power2_warp_vote,jump_cooperative_warp64,256,8,path_bitset_compact64,0.3558000025805086,0.30280000646598637,0.5821000086143613
closure_block_size,closure_b32,1,101,200,1831,256,32,8,power2_warp_vote,jump_cooperative_warp64,256,8,path_bitset_compact64,0.31510001281276345,0.2778999914880842,0.5058000097051263
closure_block_size,closure_b64,1,101,200,1831,256,64,8,power2_warp_vote,jump_cooperative_warp64,256,8,path_bitset_compact64,0.3245999978389591,0.27390001923777163,0.5151000223122537
closure_block_size,closure_b128,1,101,200,1831,256,128,8,power2_warp_vote,jump_cooperative_warp64,256,8,path_bitset_compact64,0.3203999949619174,0.27799999224953353,0.5294000147841871
closure_block_size,closure_b256,1,101,200,1831,256,256,8,power2_warp_vote,jump_cooperative_warp64,256,8,path_bitset_compact64,0.3237999917473644,0.27990000671707094,0.5271999980323017
closure_block_size,closure_b512,1,101,200,1831,256,512,8,power2_warp_vote,jump_cooperative_warp64,256,8,path_bitset_compact64,0.3124999930150807,0.28330000350251794,0.43459999142214656
closure_block_size,closure_b32,2,101,200,1831,256,32,8,power2_warp_vote,jump_cooperative_warp64,256,8,path_bitset_compact64,0.3192000149283558,0.2770999853964895,0.541199988219887
closure_block_size,closure_b64,2,101,200,1831,256,64,8,power2_warp_vote,jump_cooperative_warp64,256,8,path_bitset_compact64,0.31869998201727867,0.27469999622553587,0.5706000083591789
closure_block_size,closure_b128,2,101,200,1831,256,128,8,power2_warp_vote,jump_cooperative_warp64,256,8,path_bitset_compact64,0.30220000189729035,0.2778000198304653,0.4758999857585877
closure_block_size,closure_b256,2,101,200,1831,256,256,8,power2_warp_vote,jump_cooperative_warp64,256,8,path_bitset_compact64,0.3003000165335834,0.27910000062547624,0.5142999871168286
closure_block_size,closure_b512,2,101,200,1831,256,512,8,power2_warp_vote,jump_cooperative_warp64,256,8,path_bitset_compact64,0.3096000000368804,0.28509998810477555,0.5498999962583184
closure_block_size,closure_b32,3,101,200,1831,256,32,8,power2_warp_vote,jump_cooperative_warp64,256,8,path_bitset_compact64,0.3443000023253262,0.2806999837048352,0.6307000003289431
closure_block_size,closure_b64,3,101,200,1831,256,64,8,power2_warp_vote,jump_cooperative_warp64,256,8,path_bitset_compact64,0.3480000013951212,0.2769000129774213,0.7623000128660351
closure_block_size,closure_b128,3,101,200,1831,256,128,8,power2_warp_vote,jump_cooperative_warp64,256,8,path_bitset_compact64,0.3485000052023679,0.27990000671707094,0.687299994751811
closure_block_size,closure_b256,3,101,200,1831,256,256,8,power2_warp_vote,jump_cooperative_warp64,256,8,path_bitset_compact64,0.3471999953035265,0.28450001263991,0.5738000036217272
closure_block_size,closure_b512,3,101,200,1831,256,512,8,power2_warp_vote,jump_cooperative_warp64,256,8,path_bitset_compact64,0.3556000010576099,0.28909998945891857,0.6028999923728406
closure_block_size,closure_b32,1,101,500,4452,256,32,8,power2_warp_vote,jump_cooperative_warp64,256,8,path_bitset_compact64,0.27630000840872526,0.22079999325796962,0.4042999935336411
closure_block_size,closure_b64,1,101,500,4452,256,64,8,power2_warp_vote,jump_cooperative_warp64,256,8,path_bitset_compact64,0.2851999888662249,0.22119999630376697,0.47870000707916915
closure_block_size,closure_b128,1,101,500,4452,256,128,8,power2_warp_vote,jump_cooperative_warp64,256,8,path_bitset_compact64,0.28580002253875136,0.22260000696405768,0.5189999938011169
closure_block_size,closure_b256,1,101,500,4452,256,256,8,power2_warp_vote,jump_cooperative_warp64,256,8,path_bitset_compact64,0.2798999776132405,0.22200000239536166,0.4940000071655959
closure_block_size,closure_b512,1,101,500,4452,256,512,8,power2_warp_vote,jump_cooperative_warp64,256,8,path_bitset_compact64,0.29269998776726425,0.22269997862167656,0.4504999960772693
closure_block_size,closure_b32,2,101,500,4452,256,32,8,power2_warp_vote,jump_cooperative_warp64,256,8,path_bitset_compact64,0.28959999326616526,0.22570000146515667,0.48439999227412045
closure_block_size,closure_b64,2,101,500,4452,256,64,8,power2_warp_vote,jump_cooperative_warp64,256,8,path_bitset_compact64,0.2901999978348613,0.22600000374950469,0.523900002008304
closure_block_size,closure_b128,2,101,500,4452,256,128,8,power2_warp_vote,jump_cooperative_warp64,256,8,path_bitset_compact64,0.28310000197961926,0.2237000153400004,0.5481999833136797
closure_block_size,closure_b256,2,101,500,4452,256,256,8,power2_warp_vote,jump_cooperative_warp64,256,8,path_bitset_compact64,0.28410000959411263,0.228899996727705,0.5392000020947307
closure_block_size,closure_b512,2,101,500,4452,256,512,8,power2_warp_vote,jump_cooperative_warp64,256,8,path_bitset_compact64,0.2826999989338219,0.22879999596625566,0.5096999811939895
closure_block_size,closure_b32,3,101,500,4452,256,32,8,power2_warp_vote,jump_cooperative_warp64,256,8,path_bitset_compact64,0.3164999943692237,0.2415000053588301,0.4959000216331333
closure_block_size,closure_b64,3,101,500,4452,256,64,8,power2_warp_vote,jump_cooperative_warp64,256,8,path_bitset_compact64,0.31659999513067305,0.2449000021442771,0.4929999995511025
closure_block_size,closure_b128,3,101,500,4452,256,128,8,power2_warp_vote,jump_cooperative_warp64,256,8,path_bitset_compact64,0.311699986923486,0.2466999867465347,0.5111999926157296
closure_block_size,closure_b256,3,101,500,4452,256,256,8,power2_warp_vote,jump_cooperative_warp64,256,8,path_bitset_compact64,0.30949999927543104,0.24200000916607678,0.5949999904260039
closure_block_size,closure_b512,3,101,500,4452,256,512,8,power2_warp_vote,jump_cooperative_warp64,256,8,path_bitset_compact64,0.3171999996993691,0.23970002075657248,0.6037999992258847
closure_residency,closure_r1,1,101,10,45,256,64,1,power2_warp_vote,jump_cooperative_warp64,256,8,path_bitset_compact64,0.6006999756209552,0.5212999822106212,2.0388999837450683
closure_residency,closure_r2,1,101,10,45,256,64,2,power2_warp_vote,jump_cooperative_warp64,256,8,path_bitset_compact64,0.5185999907553196,0.4467999970074743,0.742000003810972
closure_residency,closure_r4,1,101,10,45,256,64,4,power2_warp_vote,jump_cooperative_warp64,256,8,path_bitset_compact64,0.4896000027656555,0.42299999040551484,0.7086000114213675
closure_residency,closure_r8,1,101,10,45,256,64,8,power2_warp_vote,jump_cooperative_warp64,256,8,path_bitset_compact64,0.4921999934595078,0.4208000027574599,0.6876999977976084
closure_residency,closure_r12,1,101,10,45,256,64,12,power2_warp_vote,jump_cooperative_warp64,256,8,path_bitset_compact64,0.4850999976042658,0.41580002289265394,0.6685999978799373
closure_residency,closure_r16,1,101,10,45,256,64,16,power2_warp_vote,jump_cooperative_warp64,256,8,path_bitset_compact64,0.4864000075031072,0.4182000120636076,0.6642999942414463
closure_residency,closure_r24,1,101,10,45,256,64,24,power2_warp_vote,jump_cooperative_warp64,256,8,path_bitset_compact64,0.48760001664049923,0.4186000151094049,0.6975999858696014
closure_residency,closure_r1,2,101,10,45,256,64,1,power2_warp_vote,jump_cooperative_warp64,256,8,path_bitset_compact64,0.5515000084415078,0.5113999941386282,0.7053000153973699
closure_residency,closure_r2,2,101,10,45,256,64,2,power2_warp_vote,jump_cooperative_warp64,256,8,path_bitset_compact64,0.4778000002261251,0.43590000132098794,1.724699977785349
closure_residency,closure_r4,2,101,10,45,256,64,4,power2_warp_vote,jump_cooperative_warp64,256,8,path_bitset_compact64,0.448200007667765,0.40550000267103314,0.6231000006664544
closure_residency,closure_r8,2,101,10,45,256,64,8,power2_warp_vote,jump_cooperative_warp64,256,8,path_bitset_compact64,0.4470999992918223,0.40809999336488545,0.6392000068444759
closure_residency,closure_r12,2,101,10,45,256,64,12,power2_warp_vote,jump_cooperative_warp64,256,8,path_bitset_compact64,0.45689998660236597,0.4068999842274934,0.7437999884132296
closure_residency,closure_r16,2,101,10,45,256,64,16,power2_warp_vote,jump_cooperative_warp64,256,8,path_bitset_compact64,0.4655999946407974,0.40970000554807484,0.6171000131871551
closure_residency,closure_r24,2,101,10,45,256,64,24,power2_warp_vote,jump_cooperative_warp64,256,8,path_bitset_compact64,0.454699998954311,0.4070999857503921,0.620899983914569
closure_residency,closure_r1,3,101,10,45,256,64,1,power2_warp_vote,jump_cooperative_warp64,256,8,path_bitset_compact64,0.5467000009957701,0.503200019011274,1.9246000156272203
closure_residency,closure_r2,3,101,10,45,256,64,2,power2_warp_vote,jump_cooperative_warp64,256,8,path_bitset_compact64,0.4902999789919704,0.4324000037740916,0.6482999888248742
closure_residency,closure_r4,3,101,10,45,256,64,4,power2_warp_vote,jump_cooperative_warp64,256,8,path_bitset_compact64,0.45560000580735505,0.4031000135000795,0.6047999777365476
closure_residency,closure_r8,3,101,10,45,256,64,8,power2_warp_vote,jump_cooperative_warp64,256,8,path_bitset_compact64,0.45399999362416565,0.3978000022470951,1.1285999789834023
closure_residency,closure_r12,3,101,10,45,256,64,12,power2_warp_vote,jump_cooperative_warp64,256,8,path_bitset_compact64,0.4453999863471836,0.4011999990325421,0.676499999826774
closure_residency,closure_r16,3,101,10,45,256,64,16,power2_warp_vote,jump_cooperative_warp64,256,8,path_bitset_compact64,0.45709998812526464,0.4008000250905752,0.6877999985590577
closure_residency,closure_r24,3,101,10,45,256,64,24,power2_warp_vote,jump_cooperative_warp64,256,8,path_bitset_compact64,0.4554000042844564,0.39989998913370073,0.6964999774936587
closure_residency,closure_r1,1,101,50,379,256,64,1,power2_warp_vote,jump_cooperative_warp64,256,8,path_bitset_compact64,0.32350001856684685,0.29620001441799104,0.467699981527403
closure_residency,closure_r2,1,101,50,379,256,64,2,power2_warp_vote,jump_cooperative_warp64,256,8,path_bitset_compact64,0.30029998742975295,0.2761000068858266,0.5586000042967498
closure_residency,closure_r4,1,101,50,379,256,64,4,power2_warp_vote,jump_cooperative_warp64,256,8,path_bitset_compact64,0.3056999994441867,0.2767000114545226,0.5132000078447163
closure_residency,closure_r8,1,101,50,379,256,64,8,power2_warp_vote,jump_cooperative_warp64,256,8,path_bitset_compact64,0.3060000017285347,0.2738999901339412,0.5950999911874533
closure_residency,closure_r12,1,101,50,379,256,64,12,power2_warp_vote,jump_cooperative_warp64,256,8,path_bitset_compact64,0.311399984639138,0.27400001999922097,0.8686999790370464
closure_residency,closure_r16,1,101,50,379,256,64,16,power2_warp_vote,jump_cooperative_warp64,256,8,path_bitset_compact64,0.30289997812360525,0.2733999863266945,0.47649999032728374
closure_residency,closure_r24,1,101,50,379,256,64,24,power2_warp_vote,jump_cooperative_warp64,256,8,path_bitset_compact64,0.3047000209335238,0.27730001602321863,0.47480000648647547
closure_residency,closure_r1,2,101,50,379,256,64,1,power2_warp_vote,jump_cooperative_warp64,256,8,path_bitset_compact64,0.37850000080652535,0.3124999930150807,0.6129000103101134
closure_residency,closure_r2,2,101,50,379,256,64,2,power2_warp_vote,jump_cooperative_warp64,256,8,path_bitset_compact64,0.35620000562630594,0.28920001932419837,0.5731999990530312
closure_residency,closure_r4,2,101,50,379,256,64,4,power2_warp_vote,jump_cooperative_warp64,256,8,path_bitset_compact64,0.35710001247934997,0.29139997786842287,1.5745999990031123
closure_residency,closure_r8,2,101,50,379,256,64,8,power2_warp_vote,jump_cooperative_warp64,256,8,path_bitset_compact64,0.3659999929368496,0.2901999978348613,0.7254999945871532
closure_residency,closure_r12,2,101,50,379,256,64,12,power2_warp_vote,jump_cooperative_warp64,256,8,path_bitset_compact64,0.35280000884085894,0.2909999748226255,0.5391000013332814
closure_residency,closure_r16,2,101,50,379,256,64,16,power2_warp_vote,jump_cooperative_warp64,256,8,path_bitset_compact64,0.3567000094335526,0.288200011709705,0.5913000204600394
closure_residency,closure_r24,2,101,50,379,256,64,24,power2_warp_vote,jump_cooperative_warp64,256,8,path_bitset_compact64,0.34759999834932387,0.29510000604204834,0.607900001341477
closure_residency,closure_r1,3,101,50,379,256,64,1,power2_warp_vote,jump_cooperative_warp64,256,8,path_bitset_compact64,0.3868000057991594,0.3228000132367015,0.5193999968469143
closure_residency,closure_r2,3,101,50,379,256,64,2,power2_warp_vote,jump_cooperative_warp64,256,8,path_bitset_compact64,0.36700000055134296,0.30869999318383634,0.5493999924510717
closure_residency,closure_r4,3,101,50,379,256,64,4,power2_warp_vote,jump_cooperative_warp64,256,8,path_bitset_compact64,0.3691999881993979,0.31010000384412706,0.6126999796833843
closure_residency,closure_r8,3,101,50,379,256,64,8,power2_warp_vote,jump_cooperative_warp64,256,8,path_bitset_compact64,0.36639999598264694,0.2969000197481364,0.6581999768968672
closure_residency,closure_r12,3,101,50,379,256,64,12,power2_warp_vote,jump_cooperative_warp64,256,8,path_bitset_compact64,0.3674000035971403,0.305800000205636,0.7957000052556396
closure_residency,closure_r16,3,101,50,379,256,64,16,power2_warp_vote,jump_cooperative_warp64,256,8,path_bitset_compact64,0.36040000850334764,0.3003000165335834,0.4853999998886138
closure_residency,closure_r24,3,101,50,379,256,64,24,power2_warp_vote,jump_cooperative_warp64,256,8,path_bitset_compact64,0.3729000163730234,0.3097999724559486,0.6678999925497919
closure_residency,closure_r1,1,101,100,900,256,64,1,power2_warp_vote,jump_cooperative_warp64,256,8,path_bitset_compact64,0.3507999936118722,0.2975000243168324,0.5489999894052744
closure_residency,closure_r2,1,101,100,900,256,64,2,power2_warp_vote,jump_cooperative_warp64,256,8,path_bitset_compact64,0.35200000274926424,0.302100001135841,0.6040000007487833
closure_residency,closure_r4,1,101,100,900,256,64,4,power2_warp_vote,jump_cooperative_warp64,256,8,path_bitset_compact64,0.3581999917514622,0.2941999991890043,0.5551999784074724
closure_residency,closure_r8,1,101,100,900,256,64,8,power2_warp_vote,jump_cooperative_warp64,256,8,path_bitset_compact64,0.3541999903973192,0.3001999866683036,0.48519999836571515
closure_residency,closure_r12,1,101,100,900,256,64,12,power2_warp_vote,jump_cooperative_warp64,256,8,path_bitset_compact64,0.3600000054575503,0.2919000107795,0.6056000129319727
closure_residency,closure_r16,1,101,100,900,256,64,16,power2_warp_vote,jump_cooperative_warp64,256,8,path_bitset_compact64,0.3535000141710043,0.29490000451914966,0.5027999868616462
closure_residency,closure_r24,1,101,100,900,256,64,24,power2_warp_vote,jump_cooperative_warp64,256,8,path_bitset_compact64,0.36539998836815357,0.2969999914057553,1.6814999980852008
closure_residency,closure_r1,2,101,100,900,256,64,1,power2_warp_vote,jump_cooperative_warp64,256,8,path_bitset_compact64,0.35650000791065395,0.2969999914057553,0.5575999966822565
closure_residency,closure_r2,2,101,100,900,256,64,2,power2_warp_vote,jump_cooperative_warp64,256,8,path_bitset_compact64,0.3640000068116933,0.30010001501068473,0.5875999922864139
closure_residency,closure_r4,2,101,100,900,256,64,4,power2_warp_vote,jump_cooperative_warp64,256,8,path_bitset_compact64,0.3611999854911119,0.3012999950442463,0.6223999953363091
closure_residency,closure_r8,2,101,100,900,256,64,8,power2_warp_vote,jump_cooperative_warp64,256,8,path_bitset_compact64,0.35600000410340726,0.3043000178877264,0.597700010985136
closure_residency,closure_r12,2,101,100,900,256,64,12,power2_warp_vote,jump_cooperative_warp64,256,8,path_bitset_compact64,0.3521000035107136,0.3012999950442463,0.5560999852605164
closure_residency,closure_r16,2,101,100,900,256,64,16,power2_warp_vote,jump_cooperative_warp64,256,8,path_bitset_compact64,0.35459999344311655,0.3074999840464443,0.5659000016748905
closure_residency,closure_r24,2,101,100,900,256,64,24,power2_warp_vote,jump_cooperative_warp64,256,8,path_bitset_compact64,0.3521000035107136,0.30449999030679464,0.5648000224027783
closure_residency,closure_r1,3,101,100,900,256,64,1,power2_warp_vote,jump_cooperative_warp64,256,8,path_bitset_compact64,0.3648999845609069,0.32759999157860875,0.593400007346645
closure_residency,closure_r2,3,101,100,900,256,64,2,power2_warp_vote,jump_cooperative_warp64,256,8,path_bitset_compact64,0.3708000003825873,0.33290000283159316,0.6654999742750078
closure_residency,closure_r4,3,101,100,900,256,64,4,power2_warp_vote,jump_cooperative_warp64,256,8,path_bitset_compact64,0.3769999893847853,0.3403000009711832,0.6452999950852245
closure_residency,closure_r8,3,101,100,900,256,64,8,power2_warp_vote,jump_cooperative_warp64,256,8,path_bitset_compact64,0.36780000664293766,0.3357999958097935,0.5667999794241041
closure_residency,closure_r12,3,101,100,900,256,64,12,power2_warp_vote,jump_cooperative_warp64,256,8,path_bitset_compact64,0.3695000195875764,0.31529998523183167,0.7747000199742615
closure_residency,closure_r16,3,101,100,900,256,64,16,power2_warp_vote,jump_cooperative_warp64,256,8,path_bitset_compact64,0.36810000892728567,0.32229998032562435,0.6824000156484544
closure_residency,closure_r24,3,101,100,900,256,64,24,power2_warp_vote,jump_cooperative_warp64,256,8,path_bitset_compact64,0.3724000125657767,0.3191000141669065,0.5372999876271933
closure_residency,closure_r1,1,101,200,1831,256,64,1,power2_warp_vote,jump_cooperative_warp64,256,8,path_bitset_compact64,0.37779999547638,0.3347999881953001,0.6118000019341707
closure_residency,closure_r2,1,101,200,1831,256,64,2,power2_warp_vote,jump_cooperative_warp64,256,8,path_bitset_compact64,0.38150002365000546,0.3321999975014478,0.5754999874625355
closure_residency,closure_r4,1,101,200,1831,256,64,4,power2_warp_vote,jump_cooperative_warp64,256,8,path_bitset_compact64,0.3794000076595694,0.3389999910723418,0.5576999974437058
closure_residency,closure_r8,1,101,200,1831,256,64,8,power2_warp_vote,jump_cooperative_warp64,256,8,path_bitset_compact64,0.378099997760728,0.34080000477842987,0.5445000133477151
closure_residency,closure_r12,1,101,200,1831,256,64,12,power2_warp_vote,jump_cooperative_warp64,256,8,path_bitset_compact64,0.38079998921602964,0.32980000833049417,0.5421999958343804
closure_residency,closure_r16,1,101,200,1831,256,64,16,power2_warp_vote,jump_cooperative_warp64,256,8,path_bitset_compact64,0.3774000215344131,0.33680000342428684,0.6531999970320612
closure_residency,closure_r24,1,101,200,1831,256,64,24,power2_warp_vote,jump_cooperative_warp64,256,8,path_bitset_compact64,0.3825000021606684,0.33989999792538583,0.6173000147100538
closure_residency,closure_r1,2,101,200,1831,256,64,1,power2_warp_vote,jump_cooperative_warp64,256,8,path_bitset_compact64,0.39790000300854445,0.34710002364590764,0.5601000157184899
closure_residency,closure_r2,2,101,200,1831,256,64,2,power2_warp_vote,jump_cooperative_warp64,256,8,path_bitset_compact64,0.38109999150037766,0.34920001053251326,0.5794999888166785
closure_residency,closure_r4,2,101,200,1831,256,64,4,power2_warp_vote,jump_cooperative_warp64,256,8,path_bitset_compact64,0.3884999896399677,0.35219997516833246,0.5825000116601586
closure_residency,closure_r8,2,101,200,1831,256,64,8,power2_warp_vote,jump_cooperative_warp64,256,8,path_bitset_compact64,0.380899989977479,0.3436999977566302,0.5418999935500324
closure_residency,closure_r12,2,101,200,1831,256,64,12,power2_warp_vote,jump_cooperative_warp64,256,8,path_bitset_compact64,0.38610000046901405,0.35149999894201756,0.5396000051405281
closure_residency,closure_r16,2,101,200,1831,256,64,16,power2_warp_vote,jump_cooperative_warp64,256,8,path_bitset_compact64,0.39179998566396534,0.3473000251688063,0.6338999955914915
closure_residency,closure_r24,2,101,200,1831,256,64,24,power2_warp_vote,jump_cooperative_warp64,256,8,path_bitset_compact64,0.3829000052064657,0.3457999846432358,0.5720000190194696
closure_residency,closure_r1,3,101,200,1831,256,64,1,power2_warp_vote,jump_cooperative_warp64,256,8,path_bitset_compact64,0.36299999919719994,0.31499998294748366,0.5238000012468547
closure_residency,closure_r2,3,101,200,1831,256,64,2,power2_warp_vote,jump_cooperative_warp64,256,8,path_bitset_compact64,0.3654999891296029,0.31129998387768865,0.5085000011604279
closure_residency,closure_r4,3,101,200,1831,256,64,4,power2_warp_vote,jump_cooperative_warp64,256,8,path_bitset_compact64,0.36299999919719994,0.30789998709224164,1.8239000055473298
closure_residency,closure_r8,3,101,200,1831,256,64,8,power2_warp_vote,jump_cooperative_warp64,256,8,path_bitset_compact64,0.36440000985749066,0.305800000205636,0.4999999946448952
closure_residency,closure_r12,3,101,200,1831,256,64,12,power2_warp_vote,jump_cooperative_warp64,256,8,path_bitset_compact64,0.36700000055134296,0.3114999854005873,0.5299999902490526
closure_residency,closure_r16,3,101,200,1831,256,64,16,power2_warp_vote,jump_cooperative_warp64,256,8,path_bitset_compact64,0.35810002009384334,0.3082000184804201,0.4946000117342919
closure_residency,closure_r24,3,101,200,1831,256,64,24,power2_warp_vote,jump_cooperative_warp64,256,8,path_bitset_compact64,0.37059999885968864,0.3113000129815191,0.5689999961759895
closure_residency,closure_r1,1,101,500,4452,256,64,1,power2_warp_vote,jump_cooperative_warp64,256,8,path_bitset_compact64,0.31809997744858265,0.24399999529123306,0.4707000043708831
closure_residency,closure_r2,1,101,500,4452,256,64,2,power2_warp_vote,jump_cooperative_warp64,256,8,path_bitset_compact64,0.3155999875161797,0.24850000045262277,0.46919999294914305
closure_residency,closure_r4,1,101,500,4452,256,64,4,power2_warp_vote,jump_cooperative_warp64,256,8,path_bitset_compact64,0.32560000545345247,0.25630000163801014,0.47130000893957913
closure_residency,closure_r8,1,101,500,4452,256,64,8,power2_warp_vote,jump_cooperative_warp64,256,8,path_bitset_compact64,0.31870001112110913,0.2545999886933714,0.4799999878741801
closure_residency,closure_r12,1,101,500,4452,256,64,12,power2_warp_vote,jump_cooperative_warp64,256,8,path_bitset_compact64,0.32580000697635114,0.2423000114504248,0.5456000217236578
closure_residency,closure_r16,1,101,500,4452,256,64,16,power2_warp_vote,jump_cooperative_warp64,256,8,path_bitset_compact64,0.32229998032562435,0.27180000324733555,0.607299996772781
closure_residency,closure_r24,1,101,500,4452,256,64,24,power2_warp_vote,jump_cooperative_warp64,256,8,path_bitset_compact64,0.3166999958921224,0.26099997921846807,0.4434000002220273
closure_residency,closure_r1,2,101,500,4452,256,64,1,power2_warp_vote,jump_cooperative_warp64,256,8,path_bitset_compact64,0.3155999875161797,0.2384000108577311,0.4579999949783087
closure_residency,closure_r2,2,101,500,4452,256,64,2,power2_warp_vote,jump_cooperative_warp64,256,8,path_bitset_compact64,0.3174999728798866,0.23700000019744039,0.6347000016830862
closure_residency,closure_r4,2,101,500,4452,256,64,4,power2_warp_vote,jump_cooperative_warp64,256,8,path_bitset_compact64,0.34100000630132854,0.23599999258294702,1.5893999952822924
closure_residency,closure_r8,2,101,500,4452,256,64,8,power2_warp_vote,jump_cooperative_warp64,256,8,path_bitset_compact64,0.3208999987691641,0.23599999258294702,0.5811000009998679
closure_residency,closure_r12,2,101,500,4452,256,64,12,power2_warp_vote,jump_cooperative_warp64,256,8,path_bitset_compact64,0.32469999860040843,0.24690001737326384,0.5848000000696629
closure_residency,closure_r16,2,101,500,4452,256,64,16,power2_warp_vote,jump_cooperative_warp64,256,8,path_bitset_compact64,0.31599999056197703,0.23509998572990298,0.5437000072561204
closure_residency,closure_r24,2,101,500,4452,256,64,24,power2_warp_vote,jump_cooperative_warp64,256,8,path_bitset_compact64,0.3129999968223274,0.23669999791309237,0.7418000022880733
closure_residency,closure_r1,3,101,500,4452,256,64,1,power2_warp_vote,jump_cooperative_warp64,256,8,path_bitset_compact64,0.26080000679939985,0.222100003156811,0.48439999227412045
closure_residency,closure_r2,3,101,500,4452,256,64,2,power2_warp_vote,jump_cooperative_warp64,256,8,path_bitset_compact64,0.2553999947849661,0.21689999266527593,0.45179997687228024
closure_residency,closure_r4,3,101,500,4452,256,64,4,power2_warp_vote,jump_cooperative_warp64,256,8,path_bitset_compact64,0.25209999876096845,0.22069999249652028,0.4388999950606376
closure_residency,closure_r8,3,101,500,4452,256,64,8,power2_warp_vote,jump_cooperative_warp64,256,8,path_bitset_compact64,0.2613999822642654,0.21930001094006002,0.47110000741668046
closure_residency,closure_r12,3,101,500,4452,256,64,12,power2_warp_vote,jump_cooperative_warp64,256,8,path_bitset_compact64,0.26050000451505184,0.22170000011101365,0.5057999806012958
closure_residency,closure_r16,3,101,500,4452,256,64,16,power2_warp_vote,jump_cooperative_warp64,256,8,path_bitset_compact64,0.2601000014692545,0.2204999909736216,0.6787000165786594
closure_residency,closure_r24,3,101,500,4452,256,64,24,power2_warp_vote,jump_cooperative_warp64,256,8,path_bitset_compact64,0.2668999950401485,0.21959998412057757,0.5163000023458153
lower_bound_launch,lower_warp_b128_r12,1,101,10,45,256,64,8,power2_warp_vote,jump_cooperative_warp64,128,12,path_bitset_compact64,0.47640001866966486,0.4296000115573406,1.7693999980110675
lower_bound_launch,lower_warp_b128_r16,1,101,10,45,256,64,8,power2_warp_vote,jump_cooperative_warp64,128,16,path_bitset_compact64,0.47729999641887844,0.4243000003043562,0.6424000021070242
lower_bound_launch,lower_warp_b256_r8,1,101,10,45,256,64,8,power2_warp_vote,jump_cooperative_warp64,256,8,path_bitset_compact64,0.49530001706443727,0.43020001612603664,0.7095999899320304
lower_bound_launch,lower_warp_b256_r12,1,101,10,45,256,64,8,power2_warp_vote,jump_cooperative_warp64,256,12,path_bitset_compact64,0.47480000648647547,0.4326000052969903,0.6596000166609883
lower_bound_launch,lower_warp_b256_r16,1,101,10,45,256,64,8,power2_warp_vote,jump_cooperative_warp64,256,16,path_bitset_compact64,0.47480000648647547,0.43289997847750783,1.828099979320541
lower_bound_launch,lower_warp_b512_r4,1,101,10,45,256,64,8,power2_warp_vote,jump_cooperative_warp64,512,4,path_bitset_compact64,0.48210000386461616,0.43590000132098794,0.7410999969579279
lower_bound_launch,lower_warp_b128_r12,2,101,10,45,256,64,8,power2_warp_vote,jump_cooperative_warp64,128,12,path_bitset_compact64,0.4461999924387783,0.4047999973408878,0.6105000211391598
lower_bound_launch,lower_warp_b128_r16,2,101,10,45,256,64,8,power2_warp_vote,jump_cooperative_warp64,128,16,path_bitset_compact64,0.441400014096871,0.4078000201843679,0.7150000019464642
lower_bound_launch,lower_warp_b256_r8,2,101,10,45,256,64,8,power2_warp_vote,jump_cooperative_warp64,256,8,path_bitset_compact64,0.44430000707507133,0.4075000179000199,1.1601000151131302
lower_bound_launch,lower_warp_b256_r12,2,101,10,45,256,64,8,power2_warp_vote,jump_cooperative_warp64,256,12,path_bitset_compact64,0.43999997433274984,0.40679998346604407,0.5980999849271029
lower_bound_launch,lower_warp_b256_r16,2,101,10,45,256,64,8,power2_warp_vote,jump_cooperative_warp64,256,16,path_bitset_compact64,0.4459999909158796,0.4078999918419868,0.687899999320507
lower_bound_launch,lower_warp_b512_r4,2,101,10,45,256,64,8,power2_warp_vote,jump_cooperative_warp64,512,4,path_bitset_compact64,0.4591000033542514,0.41760000749491155,0.7688000041525811
lower_bound_launch,lower_warp_b128_r12,3,101,10,45,256,64,8,power2_warp_vote,jump_cooperative_warp64,128,12,path_bitset_compact64,0.451300002168864,0.41569999302737415,0.6243999814614654
lower_bound_launch,lower_warp_b128_r16,3,101,10,45,256,64,8,power2_warp_vote,jump_cooperative_warp64,128,16,path_bitset_compact64,0.471699982881546,0.4174000059720129,0.675899995258078
lower_bound_launch,lower_warp_b256_r8,3,101,10,45,256,64,8,power2_warp_vote,jump_cooperative_warp64,256,8,path_bitset_compact64,0.4535999905783683,0.4141999816056341,0.6790999905206263
lower_bound_launch,lower_warp_b256_r12,3,101,10,45,256,64,8,power2_warp_vote,jump_cooperative_warp64,256,12,path_bitset_compact64,0.4507999983616173,0.41769997915253043,2.0197999838273972
lower_bound_launch,lower_warp_b256_r16,3,101,10,45,256,64,8,power2_warp_vote,jump_cooperative_warp64,256,16,path_bitset_compact64,0.4459999909158796,0.4102000093553215,0.7117000059224665
lower_bound_launch,lower_warp_b512_r4,3,101,10,45,256,64,8,power2_warp_vote,jump_cooperative_warp64,512,4,path_bitset_compact64,0.4602000117301941,0.4270999925211072,0.6196000031195581
lower_bound_launch,lower_warp_b128_r12,1,101,50,379,256,64,8,power2_warp_vote,jump_cooperative_warp64,128,12,path_bitset_compact64,0.30769998556934297,0.2880000101868063,0.7089999853633344
lower_bound_launch,lower_warp_b128_r16,1,101,50,379,256,64,8,power2_warp_vote,jump_cooperative_warp64,128,16,path_bitset_compact64,0.3062000032514334,0.28589999419637024,0.42890000622719526
lower_bound_launch,lower_warp_b256_r8,1,101,50,379,256,64,8,power2_warp_vote,jump_cooperative_warp64,256,8,path_bitset_compact64,0.30440001864917576,0.28589999419637024,0.41760000749491155
lower_bound_launch,lower_warp_b256_r12,1,101,50,379,256,64,8,power2_warp_vote,jump_cooperative_warp64,256,12,path_bitset_compact64,0.3072999825235456,0.2832000027410686,0.7664000149816275
lower_bound_launch,lower_warp_b256_r16,1,101,50,379,256,64,8,power2_warp_vote,jump_cooperative_warp64,256,16,path_bitset_compact64,0.3068000078201294,0.28410000959411263,0.4585000278893858
lower_bound_launch,lower_warp_b512_r4,1,101,50,379,256,64,8,power2_warp_vote,jump_cooperative_warp64,512,4,path_bitset_compact64,0.3147000097669661,0.2970999921672046,0.4192999913357198
lower_bound_launch,lower_warp_b128_r12,2,101,50,379,256,64,8,power2_warp_vote,jump_cooperative_warp64,128,12,path_bitset_compact64,0.30350001179613173,0.28769997879862785,0.5515000084415078
lower_bound_launch,lower_warp_b128_r16,2,101,50,379,256,64,8,power2_warp_vote,jump_cooperative_warp64,128,16,path_bitset_compact64,0.3056999994441867,0.2872000040952116,0.48710001283325255
lower_bound_launch,lower_warp_b256_r8,2,101,50,379,256,64,8,power2_warp_vote,jump_cooperative_warp64,256,8,path_bitset_compact64,0.30759998480789363,0.2860999957192689,0.4876999882981181
lower_bound_launch,lower_warp_b256_r12,2,101,50,379,256,64,8,power2_warp_vote,jump_cooperative_warp64,256,12,path_bitset_compact64,0.30690000858157873,0.2857999934349209,0.4613999917637557
lower_bound_launch,lower_warp_b256_r16,2,101,50,379,256,64,8,power2_warp_vote,jump_cooperative_warp64,256,16,path_bitset_compact64,0.3063000040128827,0.28420001035556197,0.4911000141873956
lower_bound_launch,lower_warp_b512_r4,2,101,50,379,256,64,8,power2_warp_vote,jump_cooperative_warp64,512,4,path_bitset_compact64,0.3164999943692237,0.29689999064430594,0.48580000293441117
lower_bound_launch,lower_warp_b128_r12,3,101,50,379,256,64,8,power2_warp_vote,jump_cooperative_warp64,128,12,path_bitset_compact64,0.29579998226836324,0.2801000082399696,0.4330000083427876
lower_bound_launch,lower_warp_b128_r16,3,101,50,379,256,64,8,power2_warp_vote,jump_cooperative_warp64,128,16,path_bitset_compact64,0.29830000130459666,0.2789999998640269,0.4425999941304326
lower_bound_launch,lower_warp_b256_r8,3,101,50,379,256,64,8,power2_warp_vote,jump_cooperative_warp64,256,8,path_bitset_compact64,0.2945000014733523,0.27699998463504016,0.4676000098697841
lower_bound_launch,lower_warp_b256_r12,3,101,50,379,256,64,8,power2_warp_vote,jump_cooperative_warp64,256,12,path_bitset_compact64,0.29719999292865396,0.27600000612437725,0.42460000258870423
lower_bound_launch,lower_warp_b256_r16,3,101,50,379,256,64,8,power2_warp_vote,jump_cooperative_warp64,256,16,path_bitset_compact64,0.29540000832639635,0.28029998065903783,0.48779998905956745
lower_bound_launch,lower_warp_b512_r4,3,101,50,379,256,64,8,power2_warp_vote,jump_cooperative_warp64,512,4,path_bitset_compact64,0.3065000055357814,0.291300006210804,0.4780000017490238
lower_bound_launch,lower_warp_b128_r12,1,101,100,900,256,64,8,power2_warp_vote,jump_cooperative_warp64,128,12,path_bitset_compact64,0.30780001543462276,0.28619999648071826,0.5079999973531812
lower_bound_launch,lower_warp_b128_r16,1,101,100,900,256,64,8,power2_warp_vote,jump_cooperative_warp64,128,16,path_bitset_compact64,0.3113000129815191,0.28410000959411263,0.5301999917719513
lower_bound_launch,lower_warp_b256_r8,1,101,100,900,256,64,8,power2_warp_vote,jump_cooperative_warp64,256,8,path_bitset_compact64,0.30640000477433205,0.28410000959411263,0.49730000318959355
lower_bound_launch,lower_warp_b256_r12,1,101,100,900,256,64,8,power2_warp_vote,jump_cooperative_warp64,256,12,path_bitset_compact64,0.308299990138039,0.2841999812517315,0.5077000241726637
lower_bound_launch,lower_warp_b256_r16,1,101,100,900,256,64,8,power2_warp_vote,jump_cooperative_warp64,256,16,path_bitset_compact64,0.30739998328499496,0.2829000004567206,0.660100020468235
lower_bound_launch,lower_warp_b512_r4,1,101,100,900,256,64,8,power2_warp_vote,jump_cooperative_warp64,512,4,path_bitset_compact64,0.3254000039305538,0.2955000090878457,0.5838999932166189
lower_bound_launch,lower_warp_b128_r12,2,101,100,900,256,64,8,power2_warp_vote,jump_cooperative_warp64,128,12,path_bitset_compact64,0.29529997846111655,0.27630000840872526,0.4518000059761107
lower_bound_launch,lower_warp_b128_r16,2,101,100,900,256,64,8,power2_warp_vote,jump_cooperative_warp64,128,16,path_bitset_compact64,0.294700002996251,0.27409999165683985,0.42329999268986285
lower_bound_launch,lower_warp_b256_r8,2,101,100,900,256,64,8,power2_warp_vote,jump_cooperative_warp64,256,8,path_bitset_compact64,0.29319999157451093,0.2738999901339412,0.4535999905783683
lower_bound_launch,lower_warp_b256_r12,2,101,100,900,256,64,8,power2_warp_vote,jump_cooperative_warp64,256,12,path_bitset_compact64,0.29329999233596027,0.27290001162327826,0.5429000011645257
lower_bound_launch,lower_warp_b256_r16,2,101,100,900,256,64,8,power2_warp_vote,jump_cooperative_warp64,256,16,path_bitset_compact64,0.291000003926456,0.2747999969869852,0.388299988117069
lower_bound_launch,lower_warp_b512_r4,2,101,100,900,256,64,8,power2_warp_vote,jump_cooperative_warp64,512,4,path_bitset_compact64,0.30189999961294234,0.2853000187315047,0.4275999963283539
lower_bound_launch,lower_warp_b128_r12,3,101,100,900,256,64,8,power2_warp_vote,jump_cooperative_warp64,128,12,path_bitset_compact64,0.29460000223480165,0.27790002059191465,0.5147000192664564
lower_bound_launch,lower_warp_b128_r16,3,101,100,900,256,64,8,power2_warp_vote,jump_cooperative_warp64,128,16,path_bitset_compact64,0.2982000005431473,0.27779999072663486,0.5617999995592982
lower_bound_launch,lower_warp_b256_r8,3,101,100,900,256,64,8,power2_warp_vote,jump_cooperative_warp64,256,8,path_bitset_compact64,0.2935000229626894,0.277700019069016,0.4817000008188188
lower_bound_launch,lower_warp_b256_r12,3,101,100,900,256,64,8,power2_warp_vote,jump_cooperative_warp64,256,12,path_bitset_compact64,0.294400000711903,0.27589997625909746,0.5901999829802662
lower_bound_launch,lower_warp_b256_r16,3,101,100,900,256,64,8,power2_warp_vote,jump_cooperative_warp64,256,16,path_bitset_compact64,0.2906000008806586,0.278000021353364,0.5261999904178083
lower_bound_launch,lower_warp_b512_r4,3,101,100,900,256,64,8,power2_warp_vote,jump_cooperative_warp64,512,4,path_bitset_compact64,0.30750001315027475,0.2851999888662249,0.42150000808760524
lower_bound_launch,lower_warp_b128_r12,1,101,200,1831,256,64,8,power2_warp_vote,jump_cooperative_warp64,128,12,path_bitset_compact64,0.29719999292865396,0.27459999546408653,0.4200999974273145
lower_bound_launch,lower_warp_b128_r16,1,101,200,1831,256,64,8,power2_warp_vote,jump_cooperative_warp64,128,16,path_bitset_compact64,0.29349999385885894,0.2747999969869852,0.4600000102072954
lower_bound_launch,lower_warp_b256_r8,1,101,200,1831,256,64,8,power2_warp_vote,jump_cooperative_warp64,256,8,path_bitset_compact64,0.29469997389242053,0.2747999969869852,0.48329998389817774
lower_bound_launch,lower_warp_b256_r12,1,101,200,1831,256,64,8,power2_warp_vote,jump_cooperative_warp64,256,12,path_bitset_compact64,0.2924999862443656,0.2739999908953905,1.576300011947751
lower_bound_launch,lower_warp_b256_r16,1,101,200,1831,256,64,8,power2_warp_vote,jump_cooperative_warp64,256,16,path_bitset_compact64,0.29189998167566955,0.27469999622553587,0.4487000114750117
lower_bound_launch,lower_warp_b512_r4,1,101,200,1831,256,64,8,power2_warp_vote,jump_cooperative_warp64,512,4,path_bitset_compact64,0.30440001864917576,0.2872000040952116,0.5364000098779798
lower_bound_launch,lower_warp_b128_r12,2,101,200,1831,256,64,8,power2_warp_vote,jump_cooperative_warp64,128,12,path_bitset_compact64,0.3016000264324248,0.27779999072663486,0.45779999345541
lower_bound_launch,lower_warp_b128_r16,2,101,200,1831,256,64,8,power2_warp_vote,jump_cooperative_warp64,128,16,path_bitset_compact64,0.3072999825235456,0.2809999859891832,0.4265999887138605
lower_bound_launch,lower_warp_b256_r8,2,101,200,1831,256,64,8,power2_warp_vote,jump_cooperative_warp64,256,8,path_bitset_compact64,0.3034000110346824,0.2817999920807779,0.5175999831408262
lower_bound_launch,lower_warp_b256_r12,2,101,200,1831,256,64,8,power2_warp_vote,jump_cooperative_warp64,256,12,path_bitset_compact64,0.30100002186372876,0.2819000219460577,0.5071999912615865
lower_bound_launch,lower_warp_b256_r16,2,101,200,1831,256,64,8,power2_warp_vote,jump_cooperative_warp64,256,16,path_bitset_compact64,0.309199996991083,0.2775000175461173,0.45399999362416565
lower_bound_launch,lower_warp_b512_r4,2,101,200,1831,256,64,8,power2_warp_vote,jump_cooperative_warp64,512,4,path_bitset_compact64,0.311699986923486,0.292200013063848,1.660699985222891
lower_bound_launch,lower_warp_b128_r12,3,101,200,1831,256,64,8,power2_warp_vote,jump_cooperative_warp64,128,12,path_bitset_compact64,0.34580001374706626,0.28199999360367656,0.5690999969374388
lower_bound_launch,lower_warp_b128_r16,3,101,200,1831,256,64,8,power2_warp_vote,jump_cooperative_warp64,128,16,path_bitset_compact64,0.3155999875161797,0.28390000807121396,0.5444000125862658
lower_bound_launch,lower_warp_b256_r8,3,101,200,1831,256,64,8,power2_warp_vote,jump_cooperative_warp64,256,8,path_bitset_compact64,0.3309000167064369,0.28470001416280866,0.4613000201061368
lower_bound_launch,lower_warp_b256_r12,3,101,200,1831,256,64,8,power2_warp_vote,jump_cooperative_warp64,256,12,path_bitset_compact64,0.33989999792538583,0.2844999835360795,0.6208000122569501
lower_bound_launch,lower_warp_b256_r16,3,101,200,1831,256,64,8,power2_warp_vote,jump_cooperative_warp64,256,16,path_bitset_compact64,0.3394999948795885,0.282300024991855,0.5056000081822276
lower_bound_launch,lower_warp_b512_r4,3,101,200,1831,256,64,8,power2_warp_vote,jump_cooperative_warp64,512,4,path_bitset_compact64,0.3480000013951212,0.29529997846111655,0.6049000076018274
lower_bound_launch,lower_warp_b128_r12,1,101,500,4452,256,64,8,power2_warp_vote,jump_cooperative_warp64,128,12,path_bitset_compact64,0.24419999681413174,0.22609997540712357,0.5020999815315008
lower_bound_launch,lower_warp_b128_r16,1,101,500,4452,256,64,8,power2_warp_vote,jump_cooperative_warp64,128,16,path_bitset_compact64,0.25159999495372176,0.225800002226606,0.47420000191777945
lower_bound_launch,lower_warp_b256_r8,1,101,500,4452,256,64,8,power2_warp_vote,jump_cooperative_warp64,256,8,path_bitset_compact64,0.2545999886933714,0.22509999689646065,0.592500000493601
lower_bound_launch,lower_warp_b256_r12,1,101,500,4452,256,64,8,power2_warp_vote,jump_cooperative_warp64,256,12,path_bitset_compact64,0.24389999452978373,0.22250000620260835,0.4202999989502132
lower_bound_launch,lower_warp_b256_r16,1,101,500,4452,256,64,8,power2_warp_vote,jump_cooperative_warp64,256,16,path_bitset_compact64,0.24649998522363603,0.22059999173507094,0.44430000707507133
lower_bound_launch,lower_warp_b512_r4,1,101,500,4452,256,64,8,power2_warp_vote,jump_cooperative_warp64,512,4,path_bitset_compact64,0.2544000162743032,0.23780000628903508,0.5180999869480729
lower_bound_launch,lower_warp_b128_r12,2,101,500,4452,256,64,8,power2_warp_vote,jump_cooperative_warp64,128,12,path_bitset_compact64,0.2592999953776598,0.23159998818300664,0.49249999574385583
lower_bound_launch,lower_warp_b128_r16,2,101,500,4452,256,64,8,power2_warp_vote,jump_cooperative_warp64,128,16,path_bitset_compact64,0.2541000139899552,0.22789998911321163,0.40469999657943845
lower_bound_launch,lower_warp_b256_r8,2,101,500,4452,256,64,8,power2_warp_vote,jump_cooperative_warp64,256,8,path_bitset_compact64,0.2610000083222985,0.22980000358074903,0.402199977543205
lower_bound_launch,lower_warp_b256_r12,2,101,500,4452,256,64,8,power2_warp_vote,jump_cooperative_warp64,256,12,path_bitset_compact64,0.2576000115368515,0.2277999883517623,0.436800008174032
lower_bound_launch,lower_warp_b256_r16,2,101,500,4452,256,64,8,power2_warp_vote,jump_cooperative_warp64,256,16,path_bitset_compact64,0.28229999588802457,0.22879999596625566,0.455000001238659
lower_bound_launch,lower_warp_b512_r4,2,101,500,4452,256,64,8,power2_warp_vote,jump_cooperative_warp64,512,4,path_bitset_compact64,0.27279998175799847,0.24319998919963837,0.44860001071356237
lower_bound_launch,lower_warp_b128_r12,3,101,500,4452,256,64,8,power2_warp_vote,jump_cooperative_warp64,128,12,path_bitset_compact64,0.25710000772960484,0.23189999046735466,0.6325999856926501
lower_bound_launch,lower_warp_b128_r16,3,101,500,4452,256,64,8,power2_warp_vote,jump_cooperative_warp64,128,16,path_bitset_compact64,0.25619997177273035,0.23299999884329736,0.4430999979376793
lower_bound_launch,lower_warp_b256_r8,3,101,500,4452,256,64,8,power2_warp_vote,jump_cooperative_warp64,256,8,path_bitset_compact64,0.2558999985922128,0.229199999012053,0.4239999980200082
lower_bound_launch,lower_warp_b256_r12,3,101,500,4452,256,64,8,power2_warp_vote,jump_cooperative_warp64,256,12,path_bitset_compact64,0.26950001483783126,0.2316000172868371,0.4835000145249069
lower_bound_launch,lower_warp_b256_r16,3,101,500,4452,256,64,8,power2_warp_vote,jump_cooperative_warp64,256,16,path_bitset_compact64,0.2634999982547015,0.23159998818300664,0.44460000935941935
lower_bound_launch,lower_warp_b512_r4,3,101,500,4452,256,64,8,power2_warp_vote,jump_cooperative_warp64,512,4,path_bitset_compact64,0.29009999707341194,0.24499997380189598,0.5193999968469143
