round,particle_count,site_count,exact_gpu_propagation_median_ms,roi_jfa_median_ms,paired_speedup_median,paired_speedup_ci_low,paired_speedup_ci_high,classification,certified_percent,roi_percent,label_mismatch_voxels,distance_mismatch_voxels,fixed_point_residuals,source_json
paper_record,10,45,6.63170000188984,0.4895000020042062,13.416649654553394,13.245894143004152,13.730348492362905,faster,73.0244751824389,26.97552481756109,0,0,0,table_02/records/ptv10_ownership_backend_audit_gpu6.json
paper_record,50,379,5.0820999895222485,0.48680001054890454,10.472124710356715,9.827258388389739,11.142272393744506,faster,89.0771428012443,10.922857198755699,0,0,0,table_02/records/ptv50_ownership_backend_audit_gpu6.json
paper_record,100,900,5.560799996601418,0.5588000058196485,9.155544897726271,8.648955180669072,9.962594561491485,faster,94.02109052491538,5.978909475084617,0,0,0,table_02/records/ptv100_ownership_backend_audit_gpu6.json
paper_record,200,1831,4.0868000069167465,0.5708000098820776,7.481151892028344,7.1665119991036,7.773945096930977,faster,97.43509478997515,2.564905210024847,0,0,0,table_02/records/ptv200_ownership_backend_audit_gpu6.json
paper_record,500,4452,2.962600003229454,0.4110999871045351,7.350090724158962,7.234098344637919,7.612615229755819,faster,99.39937002328175,0.6006299767182517,0,0,0,table_02/records/ptv500_ownership_backend_audit_gpu6.json
repeat_1,10,45,8.276400010799989,0.6419999990612268,12.884007215768687,12.299877985648456,13.710519120503188,faster,73.0244751824389,26.97552481756109,0,0,0,table_02/records/timing_repeats/repeat1/ptv10_repeat1.json
repeat_1,50,379,6.791200023144484,0.5736999737564474,10.82805825547688,9.920678150172348,11.389128784190994,faster,89.0771428012443,10.922857198755699,0,0,0,table_02/records/timing_repeats/repeat1/ptv50_repeat1.json
repeat_1,100,900,4.34120002319105,0.4728000203613192,8.92178892967727,8.424292070399542,9.225442337855315,faster,94.02109052491538,5.978909475084617,0,0,0,table_02/records/timing_repeats/repeat1/ptv100_repeat1.json
repeat_1,200,1831,4.569600016111508,0.5930000043008476,7.404011700462923,6.803995085170793,8.04876137572619,faster,97.43509478997515,2.564905210024847,0,0,0,table_02/records/timing_repeats/repeat1/ptv200_repeat1.json
repeat_1,500,4452,2.596200007246807,0.31529998523183167,8.207228456017335,7.899510897445984,8.432765235988613,faster,99.39937002328175,0.6006299767182517,0,0,0,table_02/records/timing_repeats/repeat1/ptv500_repeat1.json
repeat_2,10,45,7.515099976444617,0.5719000182580203,13.067975196397736,12.659380616157435,13.555221402369886,faster,73.0244751824389,26.97552481756109,0,0,0,table_02/records/timing_repeats/repeat2/ptv10_repeat2.json
repeat_2,50,379,4.625400004442781,0.440500007243827,10.603819143506533,10.337761476577366,10.928680177492,faster,89.0771428012443,10.922857198755699,0,0,0,table_02/records/timing_repeats/repeat2/ptv50_repeat2.json
repeat_2,100,900,3.777500009164214,0.3989999822806567,9.536565684103456,9.331007033885143,9.82705887559405,faster,94.02109052491538,5.978909475084617,0,0,0,table_02/records/timing_repeats/repeat2/ptv100_repeat2.json
repeat_2,200,1831,3.2202999864239246,0.4360000020824373,7.584819007844148,7.3892753825080195,8.041588012852724,faster,97.43509478997515,2.564905210024847,0,0,0,table_02/records/timing_repeats/repeat2/ptv200_repeat2.json
repeat_2,500,4452,2.6815999881364405,0.3569999826140702,7.697790389341501,7.282906068090693,8.038829539953598,faster,99.39937002328175,0.6006299767182517,0,0,0,table_02/records/timing_repeats/repeat2/ptv500_repeat2.json
repeat_3,10,45,7.492800010368228,0.5951999919489026,12.80828821133222,12.339867297938985,13.355833070101792,faster,73.0244751824389,26.97552481756109,0,0,0,table_02/records/timing_repeats/repeat3/ptv10_repeat3.json
repeat_3,50,379,4.708099993877113,0.451300002168864,10.371101642708444,10.076316710544337,10.721886443219285,faster,89.0771428012443,10.922857198755699,0,0,0,table_02/records/timing_repeats/repeat3/ptv50_repeat3.json
repeat_3,100,900,3.919399983715266,0.4151000175625086,9.444914990611856,9.138701450557617,9.706698357812927,faster,94.02109052491538,5.978909475084617,0,0,0,table_02/records/timing_repeats/repeat3/ptv100_repeat3.json
repeat_3,200,1831,3.0809000018052757,0.37369999336078763,8.294219082717854,8.130062024852924,8.590083740002532,faster,97.43509478997515,2.564905210024847,0,0,0,table_02/records/timing_repeats/repeat3/ptv200_repeat3.json
repeat_3,500,4452,2.569700009189546,0.3145999799016863,8.230134067275367,7.942331629831019,8.645216796495522,faster,99.39937002328175,0.6006299767182517,0,0,0,table_02/records/timing_repeats/repeat3/ptv500_repeat3.json
