"item","document","shows","data_files","scripts","how_to_run","status","outside_repository"
"Figure 1","paper","How cells are built around the sites; through-the-pore assignment splits no cell, straight-line assignment splits up to 28% of cells (seven test images, 200, 800 and 3200 farthest-point sites)","reproduce/figure_01/euclidean_vs_geodesic_ownership.csv; data/controlled_cases/*/reference_flow.npz (input: masks); data/berea64/reference_flow_x.npz (input: mask)","reproduce/figure_01/euclidean_ownership_comparison.py; reproduce/shared/build_tables.py","Panels e-g, CPU: python reproduce/figure_01/euclidean_ownership_comparison.py --out outputs/figure_01 (compare its CSV with reproduce/figure_01/euclidean_vs_geodesic_ownership.csv); python reproduce/shared/build_tables.py formats the per-case values","partly in repository","Top row and panels a-d (drawings of a toy image) and the assembled figure: drawing scripts in the evidence archive supplied with the manuscript. Per-case values: extended-data entry ED1.5."
"Figure 2","paper","Simulated particle tracks in the seven numerical images (a), visiting 13.4-17.0% of the pore voxels; measured tracks of a drainage experiment (b, c)","data/controlled_cases/*/particle_tracks.csv.gz; data/controlled_cases/*/particle_tracks_generator.json; data/controlled_cases/*/reference_flow.npz (input: masks); data/berea64/particle_tracks.csv.gz; data/berea64/particle_tracks_generator.json; data/berea64/mask.npz","gpu/code/build_particle_window.py","Panel a draws the stored windows. To make a window again, e.g. c1: python gpu/code/build_particle_window.py --reference data/controlled_cases/orthogonal_duct/reference_flow.npz --out-dir outputs/windows --n-particles 721 --sample-mode uniform --seed 20260711 --step-vox-per-frame 0.1 --frame-list 0:99:1 (settings of every window: its particle_tracks_generator.json)","partly in repository","Panels b, c: segmented images and Kalman-smoothed tracks of drainage experiment 073 (Wang et al. 2026, arXiv:2603.12516), not redistributed. Drawing script: evidence archive supplied with the manuscript."
"Figure 3","paper","ROI-JFA on one plane of the 64^3 Berea block: proposal, certification (89.7% of the plane's pore voxels) and closure (a-c); speed-up of 1.37-2.88 over persistent-frontier BFS on one H200 GPU in 21 timed cases (d)","reproduce/figure_03/figure_03_source.json; reproduce/figure_03/persistent_frontier_h200/summary.csv; reproduce/figure_03/persistent_frontier_h200/raw_repeats.csv; reproduce/figure_03/persistent_frontier_h200/results.json; reproduce/figure_03/persistent_frontier_h200/run.json; data/berea64/mask.npz (input); data/berea64/particle_tracks.csv.gz (input); gpu/ownership/h200/inputs/ (input)","reproduce/shared/roi_jfa_fields_cpu.py; reproduce/shared/make_figure_03.py; gpu/ownership/h200/time_persistent_baseline.py; gpu/ownership/h200/jobs/job_persistent_baseline.sh; gpu/ownership/h200/src/ptv_ownership_gpu6.py","Panels a-c, CPU: python reproduce/shared/roi_jfa_fields_cpu.py recomputes the fields; python reproduce/shared/make_figure_03.py then draws the figure (outputs/figures/) and rewrites reproduce/figure_03/figure_03_source.json, but it also needs outputs/generated/ownership_statistics.tex, written by reproduce/shared/build_ownership_statistics.py from per-repeat timing records that are not included (see Table 2). Panel d, NVIDIA GPU with CuPy: from gpu/ownership/h200/, sbatch jobs/job_persistent_baseline.sh after setting the account, partition and PYTHON of your cluster (the recorded run took 42 s on one H200)","in repository","Drawing script of the printed panel d: evidence archive supplied with the manuscript. Per-case values: extended-data entry ED1.4."
"Figure 4","paper","Two neighbouring cells share one trace on their interface patch, so every facelet flux leaving one cell enters the other; routes through the pore on a slice of a Berea crop","data/berea64/mask.npz (input)","","Not runnable from this repository alone","evidence archive","Slice arrays (owners, routes, facelets) and the scripts that computed and drew them: evidence archive supplied with the manuscript."
"Figure 5","paper","The discrete inf-sup constant changes by at most 16% within one geometry across cell counts up to 42 times apart; condition numbers","","","Not runnable from this repository alone","evidence archive","Inf-sup constants and condition numbers per cell complex, and the scripts that computed them with porevoronoi_fv/: evidence archive supplied with the manuscript (extended-data entries ED2.7 and ED2.8)."
"Figure 6","paper","Adding cells lowers the Stokes-only cell-mean velocity error (a); refining the voxels of fixed cells does not (b)","reproduce/figure_06/refinement/runs/; reproduce/figure_06/refinement/mask_fps_refinement_from_runs.csv; reproduce/figure_06/voxel_refinement/stabilization_scaling.csv","reproduce/figure_06/run_refinement.py; reproduce/shared/stabilization_scaling_cube.py; reproduce/shared/build_tables.py","Panel a values: python reproduce/shared/build_tables.py collects the run records in reproduce/figure_06/refinement/runs/ (one folder per case and level) into mask_fps_refinement_from_runs.csv. To run the ladders again, NVIDIA GPU with CuPy: python reproduce/figure_06/run_refinement.py --root outputs/figure_06. Voxel refinement inside fixed cells, NVIDIA GPU with CuPy and SymPy: python reproduce/shared/stabilization_scaling_cube.py --root outputs/voxel_refinement","partly in repository","Panel b as printed (voxels refined inside 4 x 4 x 4 fixed cells of the manufactured cube) and the drawing script: evidence archive supplied with the manuscript (extended-data entry ED3.8). Per-level values of panel a: extended-data entry ED3.5."
"Figure 7","paper","Only facelet fluxes keep every cell balanced and a uniform tracer uniform; velocities recovered inside the cells create or remove fluid","data/controlled_cases/ (input)","","Not runnable from this repository alone","evidence archive","Tracer runs on the six controlled cases (per-case records) and their scripts, built on porevoronoi_fv/: evidence archive supplied with the manuscript (extended-data entry ED3.15)."
"Figure 8","paper","At equal stabilization weight the assisted error is below the Stokes-only error in 64-65 of 66 case-weight pairs, by medians of 48-69%","data/controlled_cases/ (input)","reproduce/stabilization_weight/sweep/run_sweep.py; reproduce/stabilization_weight/cross_validation/run_cross_validation.py; porevoronoi_fv/assisted/run_assisted_arms.py","First, CPU: python -B porevoronoi_fv/assisted/run_assisted_arms.py --case c1 for each of c1-c6 (writes outputs/assisted/). Then, from reproduce/stabilization_weight/cross_validation/: python -B run_cross_validation.py --case c1 --kind PN and --kind MN for each of c1-c6, then python -B run_cross_validation.py --sum","evidence archive","Per-solve records of the weight sweeps and the script that pairs them: evidence archive supplied with the manuscript (extended-data entries ED3.9 and ED5.8)."
"Figure 9","paper","Drainage experiment, one block: measured velocities alone explain 0.67 (constant per cell) and 0.85 (linear per cell) of the held-out velocity variance, one fitted force 0.35 and 0.53","","porevoronoi_fv/open_boundary.py","Needs the processed data of the drainage experiment, which are not redistributed","not redistributed: experimental data","Segmented images and Kalman-smoothed tracks of drainage experiment 073: Wang et al. (2026), arXiv:2603.12516; X-ray tomograms: Bultreys et al. (2024), PSI Public Data Repository, doi:10.16907/c0dfa6c8-25da-454e-82fa-fc5db7f7c6f2. Drivers, logs and check records, with no particle coordinate, velocity or image voxel: evidence archive supplied with the manuscript."
"Figure 10","paper","Drainage experiment, twelve block-windows: measured velocities make the held-out root-mean-square error clearly smaller than Stokes-only in 9 of 12; adding the fitted force changes it by -0.8 to +1.9%","","porevoronoi_fv/open_boundary.py","Needs the processed data of the drainage experiment, which are not redistributed","not redistributed: experimental data","Inputs as for Figure 9. Changes and intervals per block-window (aggregates only) and the scoring scripts: evidence archive supplied with the manuscript (extended-data entries ED6.2-ED6.5)."
"Table 1","paper","Test images, particles and cell complexes","data/controlled_cases/*/reference_flow.npz; data/controlled_cases/*/particle_tracks_generator.json; data/controlled_cases/*/run_record.json; data/berea64/; gpu/ownership/h200/inputs/; examples/segmented_masks/fibrous_filter_proxy_16x64x64.npz","","Typeset by hand from the listed files (image sizes, pore voxels, particles, records, sites)","partly in repository","Drainage-experiment row: counts from the processed data of Wang et al. (2026), not redistributed; the counts are in the evidence archive supplied with the manuscript."
"Table 2","paper","Certified ownership on five trajectory prefixes of the 64^3 Berea block (73.0-99.4% of pore voxels) and the ROI-JFA speed-up over persistent-frontier BFS (H200 GPU) and host-driven BFS (laptop GPU)","reproduce/table_02/records/ptv_ownership_statistics_canonical.json; reproduce/table_02/records/ptv*_ownership_backend_audit_gpu6.json; reproduce/table_02/records/ptv_ownership_timing_stability_4runs*; reproduce/table_02/records/ptv_ownership_gpu6_cpu_reference_verification.json; reproduce/figure_03/persistent_frontier_h200/summary.csv (rows ptv10 to ptv500); data/berea64/mask.npz (input); data/berea64/particle_tracks.csv.gz (input)","gpu/ownership/code/time_roi_vs_bfs.py; gpu/ownership/code/ptv_ownership_gpu6.py; gpu/ownership/code/verify_against_cpu.py; reproduce/shared/build_ownership_statistics.py; gpu/ownership/h200/time_persistent_baseline.py; gpu/ownership/h200/src/ptv_ownership_gpu6.py","Certified, unresolved and host-driven columns, NVIDIA GPU with CuPy, one prefix at a time: python gpu/ownership/code/time_roi_vs_bfs.py --mask-npz data/berea64/mask.npz --particle-window data/berea64/particle_tracks.csv.gz --particle-ids 0:49 --out-dir outputs/table_02 (prefixes 0:9, 0:49, 0:99, 0:199, 0:499). Persistent-frontier column: see Figure 3, panel d","in repository","The per-repeat timing records collected by reproduce/shared/build_ownership_statistics.py are not included in this repository; their summaries are in reproduce/table_02/records/."
"Table 3","paper","Refinement towards a manufactured Stokes solution on a walled cube: velocity, pressure and interface-flux errors and slopes, as run (constant voxel size) and at fixed cube size","reproduce/table_03/manufactured_stokes.csv (as-run columns: rows with load_functional = linear); reproduce/table_03/manufactured_checks.json","reproduce/shared/manufactured_stokes.py; reproduce/shared/build_tables.py","NVIDIA GPU with CuPy, and SymPy: python reproduce/shared/manufactured_stokes.py --root outputs/table_03. Table rows: python reproduce/shared/build_tables.py","partly in repository","Fixed-size columns (cube side 16, voxel size 16/N): result file of the fixed-size runs in the evidence archive supplied with the manuscript."
"Table 4","paper","Best stabilization weight on the controlled cases and on seven rock partitions, and the extra error of the default weight","data/controlled_cases/ (input)","reproduce/stabilization_weight/sweep/run_sweep.py; reproduce/stabilization_weight/cross_validation/run_cross_validation.py; porevoronoi_fv/assisted/run_assisted_arms.py","First, CPU: python -B porevoronoi_fv/assisted/run_assisted_arms.py --case c1 for each of c1-c6 (writes outputs/assisted/). Then, from reproduce/stabilization_weight/sweep/: python -B run_sweep.py --case c1 for each of c1-c6, then python -B run_sweep.py --sum","evidence archive","Sweep results on the controlled cases and rock partitions, and the rock-partition sweep script: evidence archive supplied with the manuscript (extended-data entries ED3.9-ED3.11)."
"Table 5","paper","Stokes-only errors on the six controlled cases at the default weight; every cell balances to round-off","data/controlled_cases/expected/table_source_values.csv; data/controlled_cases/expected/printed_table_values.json; data/controlled_cases/expected/permeability_readouts.json; data/controlled_cases/*/stokes_only_solution.npz; data/controlled_cases/*/run_record.json; data/controlled_cases/*/reference_flow.npz (input); data/controlled_cases/*/particle_tracks.csv.gz (input); reproduce/table_05/forward_rows.csv; reproduce/table_05/reference_repeat.csv","porevoronoi_fv/check_archived_solutions.py; porevoronoi_fv/run_stokes_only.py; porevoronoi_fv/evaluate_stokes_only.py; porevoronoi_fv/slurm_stokes_only.sh; examples/quickstart.py; reproduce/shared/build_tables.py; reproduce/shared/result_figures.py","From the stored solutions, no solve (CPU, about 4 s per case): python -B porevoronoi_fv/check_archived_solutions.py. Full solve of one case (CPU, 1.5-3 min): python -B examples/quickstart.py --case c1, or python -B porevoronoi_fv/run_stokes_only.py --case c1 --stage e0. Table rows: python reproduce/shared/build_tables.py (outputs/generated/final_accuracy_cost_table.tex)","in repository",""
"Table 6","paper","Assisted calculation on the controlled cases: the error on voxels without a record falls by 8-39% at the default weight; certified floor; record-chosen weights","data/controlled_cases/ (input)","porevoronoi_fv/assisted/run_assisted_arms.py; porevoronoi_fv/assisted/assisted_arms.py; porevoronoi_fv/assisted/assisted_protocol.json; reproduce/stabilization_weight/cross_validation/run_cross_validation.py","CPU: python -B porevoronoi_fv/assisted/run_assisted_arms.py --case c1 for each of c1-c6 (Stokes-only, one-record and all-record calculations; outputs/assisted/). Record-chosen weights: from reproduce/stabilization_weight/cross_validation/, python -B run_cross_validation.py --case c1 --kind CV for each case, then --sum","evidence archive","Stored states and result records of the three calculations, the certified-floor runs and their scripts: evidence archive supplied with the manuscript (extended-data entries ED5.7, ED5.11 and ED5.15)."
"Table 7","paper","Drainage experiment, twelve block-windows: median change in held-out root-mean-square error from Stokes-only to assisted (44.0% dense blocks, 4.8% random blocks)","","porevoronoi_fv/open_boundary.py","Needs the processed data of the drainage experiment, which are not redistributed","not redistributed: experimental data","Inputs as for Figure 9. Scorer outputs (aggregates only) and scoring scripts: evidence archive supplied with the manuscript (extended-data entries ED6.2-ED6.5)."
"Figure S1","supporting information","Numerical geometries: the full Bentheimer and Berea images (a, b), the five synthetic ducts and the Bentheimer crop (c-h)","data/controlled_cases/*/reference_flow.npz (masks of panels c-h)","","Panels c-h show the mask arrays of the listed files","partly in repository","Panels a, b: public images, Jackson et al. (2021), doi:10.5281/zenodo.5542624, and the Figshare record 'Berea Sandstone', doi:10.6084/m9.figshare.1153794.v2 (not copied here). Renderer: evidence archive supplied with the manuscript."
"Figure S2","supporting information","Dense simulated particle tracks of the four larger particle sets of the Supporting Information","","","Not runnable from this repository alone","evidence archive","The particle sets (0.5 to 4 million records each) are not distributed because of their size; the renderer and its check records are in the evidence archive supplied with the manuscript."
"Figure S3","supporting information","Measured single-phase tracks in a glass filter visit 1.7% of the pore voxels of a 96^3 block","","","Needs the glass-filter data set, which is not redistributed","not redistributed: experimental data","Glass-filter X-ray particle-tracking data set of Bultreys et al. (2022), Zenodo doi:10.5281/zenodo.6010490. Renderer: evidence archive supplied with the manuscript."
"Table S1","supporting information","Normal-flux defects of the velocity fields recovered inside the cells, controlled cases","data/controlled_cases/ (input)","","Not runnable from this repository alone","evidence archive","Values computed from the stored solutions of the controlled cases and the tracer runs, with their scripts: evidence archive supplied with the manuscript (extended-data entries ED2.13 and ED2.14)."
"Table S2","supporting information","Stabilization weight on the five skewed-duct partitions","data/controlled_cases/skewed_duct/ (input)","","Not runnable from this repository alone","evidence archive","Sweep results and the sweep script: evidence archive supplied with the manuscript (extended-data entry ED3.10)."
"Table S3","supporting information","Site and partition rules at matched system size, controlled cases","reproduce/table_s3/site_rule_comparison.csv","gpu/studies/build_site_rule_partitions.py; gpu/studies/run_site_rule_comparison.py; reproduce/shared/build_tables.py","Table rows: python reproduce/shared/build_tables.py. To build and solve the partitions again, NVIDIA GPU with CuPy: python gpu/studies/build_site_rule_partitions.py, then python gpu/studies/run_site_rule_comparison.py (outputs under outputs/forward_studies/)","partly in repository","Face-flux permeability column: values in the evidence archive supplied with the manuscript (extended-data entry ED2.10)."
"Table S4","supporting information","Tracer transport on the six controlled cases","data/controlled_cases/ (input)","","Not runnable from this repository alone","evidence archive","Per-case tracer records and their scripts: evidence archive supplied with the manuscript (extended-data entry ED3.15)."
"Table S5","supporting information","Weights chosen from the particle records alone, Stokes-only and assisted calculations, controlled cases","data/controlled_cases/ (input)","reproduce/stabilization_weight/cross_validation/run_cross_validation.py; reproduce/stabilization_weight/cross_validation/check_records.py; reproduce/stabilization_weight/cross_validation/cv_tables.py","After porevoronoi_fv/assisted/run_assisted_arms.py for c1-c6, from reproduce/stabilization_weight/cross_validation/: python -B run_cross_validation.py --case c1 --kind CV for each of c1-c6, then --sum; python -B check_records.py checks the records; python -B cv_tables.py prints the tables","evidence archive","Sweep and cross-validation results: evidence archive supplied with the manuscript (extended-data entries ED5.8-ED5.11)."
"Table S6","supporting information","Certified floor on the voxels without a record, controlled cases","data/controlled_cases/ (input)","","Not runnable from this repository alone","evidence archive","Floor runs, their records and scripts: evidence archive supplied with the manuscript (extended-data entries ED5.15 and ED5.16)."
"Table S7","supporting information","Stabilization weight on six drainage block-windows","","porevoronoi_fv/open_boundary_weighted.py","Needs the processed data of the drainage experiment, which are not redistributed","not redistributed: experimental data","Inputs as for Figure 9. Sweep results (aggregates only) and scripts: evidence archive supplied with the manuscript (extended-data entry ED6.7)."
"Table S8","supporting information","Glass filter: projection onto balanced facelet fluxes balances every cell; errors against held-out cell means","","reproduce/table_s8/glass_filter_projection.py; reproduce/table_s8/glass_filter_registration.py","Download the data set (Zenodo doi:10.5281/zenodo.6010490) into data/glass_filter/, then run python reproduce/table_s8/glass_filter_projection.py --out outputs/table_s8","not redistributed: experimental data","Input: glass-filter data set of Bultreys et al. (2022), Zenodo doi:10.5281/zenodo.6010490. Result table: evidence archive supplied with the manuscript (extended-data entry ED6.11)."
"Table S9","supporting information","Map of the printed figures and tables to their data files and scripts","docs/figures_and_tables.csv","","This file lists the same items with paths in this repository","partly in repository","The Supporting Information's version, with the file names and checksums of the evidence archive, is the archive's reproduction map (extended-data entry ED7.1)."
